Date,Open,High,Low,Close,Currency,Average
2013-05-30,6.72,6.75,6.04,6.11,USD,6.395
2013-05-31,5.99,6.64,5.79,6.25,USD,6.215
2013-06-03,6.56,11.46,4.87,6.64,USD,8.165
2013-06-04,6.54,6.69,6.45,6.51,USD,6.57
2013-06-05,6.54,6.54,5.33,6.36,USD,5.935
2013-06-06,6.35,6.53,6.09,6.29,USD,6.31
2013-06-07,6.39,6.45,5.55,6.02,USD,6.0
2013-06-10,5.95,6.25,5.95,6.0,USD,6.1
2013-06-11,6.31,6.32,5.96,6.0,USD,6.14
2013-06-12,6.08,6.18,5.64,6.07,USD,5.91
2013-06-13,6.12,18.57,5.78,5.96,USD,12.175
2013-06-14,5.99,6.01,5.13,5.9,USD,5.57
2013-06-17,5.92,6.02,5.78,5.99,USD,5.9
2013-06-18,6.13,6.33,6.06,6.1,USD,6.195
2013-06-19,6.04,9.08,5.43,6.48,USD,7.255
2013-06-20,6.97,12.51,6.58,6.86,USD,9.545
2013-06-21,6.78,7.78,6.75,7.78,USD,7.265
2013-06-24,10.15,10.62,8.54,8.62,USD,9.58
2013-06-25,8.06,9.11,8.05,8.35,USD,8.58
2013-06-26,8.08,8.25,7.15,7.77,USD,7.7
2013-06-27,7.54,11.12,7.11,7.22,USD,9.115
2013-06-28,7.44,8.81,7.17,7.35,USD,7.99
2013-07-01,7.84,7.85,7.2,7.39,USD,7.525
2013-07-02,7.42,7.51,7.32,7.5,USD,7.415
2013-07-03,7.61,8.0,6.47,8.0,USD,7.235
2013-07-05,8.19,8.62,5.79,8.18,USD,7.205
2013-07-08,8.41,8.41,7.65,7.66,USD,8.03
2013-07-09,7.62,7.63,7.09,7.12,USD,7.36
2013-07-10,7.19,7.35,6.95,7.28,USD,7.15
2013-07-11,6.82,7.2,6.49,6.51,USD,6.845
2013-07-12,6.27,6.66,6.15,6.63,USD,6.405
2013-07-15,6.97,6.97,6.48,6.58,USD,6.725
2013-07-16,6.57,7.19,6.46,6.51,USD,6.825
2013-07-17,6.67,7.37,5.89,5.95,USD,6.63
2013-07-18,5.64,6.09,4.0,5.6,USD,5.045
2013-07-19,5.39,5.44,5.16,5.44,USD,5.3
2013-07-22,5.47,5.78,5.23,5.4,USD,5.505
2013-07-23,5.71,5.73,5.49,5.67,USD,5.61
2013-07-24,6.09,6.79,6.09,6.39,USD,6.44
2013-07-25,6.25,6.5,5.99,6.21,USD,6.245
2013-07-26,5.99,6.2,5.87,6.18,USD,6.035
2013-07-29,6.35,8.6,6.35,6.59,USD,7.475
2013-07-30,6.56,6.62,6.38,6.61,USD,6.5
2013-07-31,7.15,8.58,6.34,6.52,USD,7.46
2013-08-01,6.7,18.42,6.39,7.27,USD,12.405
2013-08-02,7.47,7.47,5.63,5.72,USD,6.55
2013-08-05,6.13,7.14,6.03,6.03,USD,6.585
2013-08-06,5.98,6.0,5.3,5.82,USD,5.65
2013-08-07,5.78,7.02,5.63,5.66,USD,6.325
2013-08-08,5.74,7.02,5.53,5.57,USD,6.275
2013-08-09,5.55,5.58,5.45,5.48,USD,5.515
2013-08-12,5.76,5.76,5.59,5.74,USD,5.675
2013-08-13,6.25,6.65,3.43,6.6,USD,5.04
2013-08-14,6.57,7.12,3.89,6.64,USD,5.505
2013-08-15,7.04,7.44,5.35,7.09,USD,6.395
2013-08-16,7.72,8.35,7.41,7.8,USD,7.88
2013-08-19,8.11,8.41,7.99,8.29,USD,8.2
2013-08-20,7.98,7.99,7.85,7.92,USD,7.92
2013-08-21,7.89,8.33,7.86,7.94,USD,8.095
2013-08-22,8.31,8.48,7.89,8.09,USD,8.185
2013-08-23,8.2,8.21,7.17,7.58,USD,7.69
2013-08-26,7.71,7.74,7.46,7.57,USD,7.6
2013-08-27,7.43,7.76,7.38,7.51,USD,7.57
2013-08-28,7.6,7.99,7.59,7.91,USD,7.79
2013-08-29,7.94,8.21,7.41,7.88,USD,7.81
2013-08-30,7.8,8.24,7.72,8.19,USD,7.98
2013-09-03,8.48,8.89,8.35,8.46,USD,8.62
2013-09-04,8.51,8.68,8.29,8.46,USD,8.485
2013-09-05,8.5,8.62,8.29,8.53,USD,8.455
2013-09-06,8.14,8.15,7.26,7.77,USD,7.705
2013-09-09,7.72,7.72,7.48,7.5,USD,7.6
2013-09-10,7.72,7.73,7.56,7.65,USD,7.645
2013-09-11,7.4,7.48,7.26,7.3,USD,7.37
2013-09-12,7.22,7.4,7.07,7.25,USD,7.235
2013-09-13,7.18,7.58,3.53,6.87,USD,5.555
2013-09-16,6.63,7.12,6.49,7.02,USD,6.805
2013-09-17,6.99,7.07,5.95,6.66,USD,6.51
2013-09-18,6.85,16.44,5.67,5.93,USD,11.055
2013-09-19,5.64,6.64,5.34,5.81,USD,5.99
2013-09-20,5.86,5.97,5.52,5.54,USD,5.745
2013-09-23,5.66,5.73,5.58,5.68,USD,5.655
2013-09-24,5.66,6.0,5.58,5.71,USD,5.79
2013-09-25,5.82,8.72,5.67,5.78,USD,7.195
2013-09-26,5.89,5.96,5.86,5.96,USD,5.91
2013-09-27,6.0,6.01,5.84,6.01,USD,5.925
2013-09-30,6.5,6.76,6.46,6.67,USD,6.61
2013-10-01,6.62,6.85,6.27,6.37,USD,6.56
2013-10-02,6.01,6.12,5.93,6.02,USD,6.025
2013-10-03,6.0,24.98,5.92,6.03,USD,15.45
2013-10-04,6.06,6.23,6.02,6.03,USD,6.125
2013-10-07,6.18,6.35,6.17,6.34,USD,6.26
2013-10-08,6.54,6.56,6.32,6.4,USD,6.44
2013-10-09,6.44,9.02,5.99,6.01,USD,7.505
2013-10-10,6.28,6.65,5.84,5.84,USD,6.245
2013-10-11,5.77,5.77,5.58,5.67,USD,5.675
2013-10-14,5.94,6.13,5.91,6.06,USD,6.02
2013-10-15,5.87,6.03,5.76,5.99,USD,5.895
2013-10-16,5.98,6.15,5.56,5.58,USD,5.855
2013-10-17,5.41,5.57,5.35,5.5,USD,5.46
2013-10-18,5.51,5.87,5.48,5.72,USD,5.675
2013-10-21,5.98,6.0,5.74,5.77,USD,5.87
2013-10-22,5.63,6.25,4.86,4.87,USD,5.555
2013-10-23,4.7,4.9,4.69,4.81,USD,4.795
2013-10-24,4.92,4.99,4.82,4.99,USD,4.905
2013-10-25,4.94,4.94,4.79,4.8,USD,4.865
2013-10-28,4.9,4.92,4.73,4.79,USD,4.825
2013-10-29,4.92,4.99,4.81,4.89,USD,4.9
2013-10-30,4.99,5.22,4.72,5.0,USD,4.97
2013-10-31,4.86,5.38,4.81,5.22,USD,5.095
2013-11-01,5.58,5.7,5.13,5.64,USD,5.415
2013-11-04,5.59,5.6,5.39,5.42,USD,5.495
2013-11-05,5.48,5.9,5.48,5.69,USD,5.69
2013-11-06,5.49,5.5,5.34,5.35,USD,5.42
2013-11-07,5.2,5.35,5.2,5.3,USD,5.275
2013-11-08,5.27,5.76,4.41,5.36,USD,5.085
2013-11-11,5.5,5.56,5.46,5.55,USD,5.51
2013-11-12,5.52,5.62,5.42,5.49,USD,5.52
2013-11-13,5.4,5.49,4.94,5.41,USD,5.215
2013-11-14,5.09,5.82,4.9,4.96,USD,5.36
2013-11-15,4.98,5.01,4.56,4.82,USD,4.785
2013-11-18,4.85,4.95,4.65,4.82,USD,4.8
2013-11-19,4.97,5.17,4.83,5.15,USD,5.0
2013-11-20,5.22,6.29,1.69,5.71,USD,3.99
2013-11-21,5.66,6.9,5.43,5.49,USD,6.165
2013-11-22,5.37,5.41,5.01,5.08,USD,5.21
2013-11-25,5.14,5.33,5.07,5.13,USD,5.2
2013-11-26,5.21,5.89,5.1,5.16,USD,5.495
2013-11-27,5.37,6.04,5.2,5.36,USD,5.62
2013-11-29,5.51,5.71,4.67,4.67,USD,5.19
2013-12-02,5.98,6.19,5.93,5.99,USD,6.06
2013-12-03,5.95,5.97,5.82,5.89,USD,5.895
2013-12-04,6.31,6.45,6.05,6.06,USD,6.25
2013-12-05,6.06,6.2,5.26,5.97,USD,5.73
2013-12-06,5.99,6.0,5.13,5.56,USD,5.565
2013-12-09,5.46,5.56,5.35,5.55,USD,5.455
2013-12-10,5.33,5.33,5.17,5.21,USD,5.25
2013-12-11,5.35,5.42,5.05,5.32,USD,5.235
2013-12-12,5.46,5.65,5.01,5.48,USD,5.33
2013-12-13,5.44,5.48,5.34,5.36,USD,5.41
2013-12-16,5.36,5.63,5.28,5.4,USD,5.455
2013-12-17,5.36,5.39,4.5,5.18,USD,4.945
2013-12-18,5.29,5.36,3.76,4.9,USD,4.56
2013-12-19,4.87,5.47,4.17,4.78,USD,4.82
2013-12-20,4.85,4.99,4.53,4.64,USD,4.76
2013-12-23,4.91,4.96,4.65,4.73,USD,4.805
2013-12-24,4.74,5.38,4.56,4.98,USD,4.97
2013-12-26,4.94,5.01,4.89,4.91,USD,4.95
2013-12-27,5.01,5.09,4.92,5.06,USD,5.005
2013-12-30,5.25,5.25,5.01,5.03,USD,5.13
2013-12-31,5.07,5.15,4.97,5.13,USD,5.06
2014-01-02,5.25,5.47,5.09,5.14,USD,5.28
2014-01-03,5.09,5.12,4.99,5.06,USD,5.055
2014-01-06,5.16,5.17,4.58,5.13,USD,4.875
2014-01-07,4.99,5.16,4.92,5.0,USD,5.04
2014-01-08,5.3,5.42,5.08,5.08,USD,5.25
2014-01-09,4.94,5.64,4.8,4.83,USD,5.22
2014-01-10,5.11,5.31,4.29,4.51,USD,4.8
2014-01-13,4.59,4.66,4.53,4.59,USD,4.595
2014-01-14,4.75,5.6,4.69,4.84,USD,5.145
2014-01-15,4.17,4.19,4.12,4.17,USD,4.155
2014-01-16,4.14,4.18,4.1,4.14,USD,4.14
2014-01-17,4.43,5.58,4.31,4.46,USD,4.945
2014-01-21,4.83,4.84,4.7,4.79,USD,4.77
2014-01-22,4.87,4.94,4.77,4.9,USD,4.855
2014-01-23,4.85,5.38,4.81,5.07,USD,5.095
2014-01-24,5.31,5.57,5.11,5.15,USD,5.34
2014-01-27,5.51,5.58,5.28,5.54,USD,5.43
2014-01-28,5.43,5.57,5.25,5.3,USD,5.41
2014-01-29,5.28,5.42,4.6,5.24,USD,5.01
2014-01-30,5.37,7.02,4.67,5.16,USD,5.845
2014-01-31,5.33,5.49,5.04,5.38,USD,5.265
2014-02-03,5.77,6.04,5.71,6.04,USD,5.875
2014-02-04,6.04,7.54,6.0,6.18,USD,6.77
2014-02-05,6.08,8.0,5.85,5.93,USD,6.925
2014-02-06,6.04,6.04,5.7,5.8,USD,5.87
2014-02-07,5.64,5.65,3.41,5.19,USD,4.53
2014-02-10,5.33,5.33,5.12,5.13,USD,5.225
2014-02-11,5.21,5.5,3.3,5.32,USD,4.4
2014-02-12,5.39,5.42,4.34,5.14,USD,4.88
2014-02-13,5.18,5.85,4.51,4.72,USD,5.18
2014-02-14,4.68,5.08,4.54,4.62,USD,4.81
2014-02-18,4.8,5.08,4.74,4.96,USD,4.91
2014-02-19,5.08,6.39,4.54,5.0,USD,5.465
2014-02-20,5.16,6.59,4.94,4.94,USD,5.765
2014-02-21,4.99,5.07,4.86,4.9,USD,4.965
2014-02-24,5.01,5.04,4.84,4.84,USD,4.94
2014-02-25,4.88,4.89,4.51,4.85,USD,4.7
2014-02-26,4.92,5.42,4.85,5.07,USD,5.135
2014-02-27,5.29,5.31,5.01,5.01,USD,5.16
2014-02-28,4.98,5.18,4.18,5.01,USD,4.68
2014-03-03,5.37,5.56,5.24,5.37,USD,5.4
2014-03-04,5.16,5.33,5.11,5.31,USD,5.22
2014-03-05,5.43,5.47,5.11,5.14,USD,5.29
2014-03-06,5.26,5.31,4.98,5.03,USD,5.145
2014-03-07,4.96,4.98,4.23,4.72,USD,4.605
2014-03-10,4.9,4.9,4.68,4.73,USD,4.79
2014-03-11,4.75,4.75,4.66,4.71,USD,4.705
2014-03-12,4.76,4.79,4.49,4.7,USD,4.64
2014-03-13,4.74,5.32,4.68,4.93,USD,5.0
2014-03-14,4.94,5.44,4.61,5.29,USD,5.025
2014-03-17,5.22,5.31,2.48,5.2,USD,3.895
2014-03-18,5.23,5.27,4.95,4.97,USD,5.11
2014-03-19,4.93,9.69,4.24,5.11,USD,6.965
2014-03-20,4.91,4.99,4.08,4.68,USD,4.535
2014-03-21,4.61,4.64,4.44,4.58,USD,4.54
2014-03-24,4.78,4.82,4.62,4.77,USD,4.72
2014-03-25,4.7,4.76,4.61,4.66,USD,4.685
2014-03-26,4.67,4.7,4.61,4.69,USD,4.655
2014-03-27,4.84,4.93,4.73,4.9,USD,4.83
2014-03-28,4.96,5.06,4.6,5.03,USD,4.83
2014-03-31,5.18,5.3,5.08,5.15,USD,5.19
2014-04-01,5.15,5.17,4.97,4.99,USD,5.07
2014-04-02,5.01,5.11,4.93,5.07,USD,5.02
2014-04-03,5.09,5.22,4.95,5.03,USD,5.085
2014-04-04,5.13,5.14,4.1,4.24,USD,4.62
2014-04-07,4.19,4.22,4.1,4.11,USD,4.16
2014-04-08,4.41,4.43,4.29,4.33,USD,4.36
2014-04-09,4.35,4.7,4.21,4.21,USD,4.455
2014-04-10,4.23,5.01,4.2,4.38,USD,4.605
2014-04-11,4.82,4.88,4.71,4.84,USD,4.795
2014-04-14,5.04,5.05,4.95,4.98,USD,5.0
2014-04-15,5.0,5.12,4.76,4.96,USD,4.94
2014-04-16,4.95,4.95,4.79,4.81,USD,4.87
2014-04-17,4.74,4.82,4.67,4.78,USD,4.745
2014-04-21,4.82,4.84,4.7,4.74,USD,4.77
2014-04-22,4.82,4.82,4.7,4.72,USD,4.76
2014-04-23,4.61,4.76,4.58,4.71,USD,4.67
2014-04-24,4.89,4.99,4.55,4.81,USD,4.77
2014-04-25,4.94,5.07,4.89,4.99,USD,4.98
2014-04-28,5.19,5.21,5.07,5.19,USD,5.14
2014-04-29,5.08,5.14,5.06,5.12,USD,5.1
2014-04-30,5.14,5.17,4.78,4.95,USD,4.975
2014-05-01,5.17,5.97,4.8,5.04,USD,5.385
2014-05-02,4.85,4.87,3.72,4.63,USD,4.295
2014-05-05,4.72,4.78,4.67,4.74,USD,4.725
2014-05-06,4.77,4.82,4.75,4.81,USD,4.785
2014-05-07,4.84,4.85,4.63,4.65,USD,4.74
2014-05-08,4.53,4.59,4.35,4.4,USD,4.47
2014-05-09,4.36,4.37,4.3,4.37,USD,4.335
2014-05-12,4.46,4.48,4.4,4.45,USD,4.44
2014-05-13,4.44,4.46,2.28,4.41,USD,3.37
2014-05-14,4.51,4.73,4.2,4.65,USD,4.465
2014-05-15,4.71,7.94,4.66,4.95,USD,6.3
2014-05-16,4.98,5.01,4.8,4.81,USD,4.905
2014-05-19,4.88,4.97,4.85,4.89,USD,4.91
2014-05-20,4.95,4.96,4.83,4.86,USD,4.895
2014-05-21,4.92,4.98,4.82,4.84,USD,4.9
2014-05-22,4.81,4.81,4.67,4.68,USD,4.74
2014-05-23,4.64,4.71,4.55,4.66,USD,4.63
2014-05-27,4.92,4.92,4.78,4.8,USD,4.85
2014-05-28,4.84,5.06,4.83,5.03,USD,4.945
2014-05-29,5.11,5.19,4.92,5.08,USD,5.055
2014-05-30,5.25,6.72,5.16,5.18,USD,5.94
2014-06-02,5.37,5.54,5.32,5.4,USD,5.43
2014-06-03,5.47,5.49,5.34,5.46,USD,5.415
2014-06-04,5.54,5.91,5.37,5.41,USD,5.64
2014-06-05,5.27,5.3,4.98,4.99,USD,5.14
2014-06-06,4.84,4.89,3.3,4.64,USD,4.095
2014-06-09,4.78,4.85,4.58,4.58,USD,4.715
2014-06-10,4.5,4.63,4.47,4.55,USD,4.55
2014-06-11,4.6,4.6,4.51,4.56,USD,4.555
2014-06-12,4.59,4.76,4.47,4.6,USD,4.615
2014-06-13,4.6,6.75,4.39,4.48,USD,5.57
2014-06-16,4.64,4.67,4.33,4.58,USD,4.5
2014-06-17,4.68,14.58,4.63,4.78,USD,9.605
2014-06-18,4.7,6.09,4.25,4.29,USD,5.17
2014-06-19,4.17,5.58,3.88,4.28,USD,4.73
2014-06-20,4.24,4.43,4.21,4.3,USD,4.32
2014-06-23,4.32,4.37,4.24,4.34,USD,4.305
2014-06-24,4.36,4.4,4.29,4.39,USD,4.345
2014-06-25,4.43,5.26,4.39,4.42,USD,4.825
2014-06-26,4.4,4.72,4.26,4.31,USD,4.49
2014-06-27,4.39,4.41,4.28,4.3,USD,4.345
2014-06-30,4.45,5.16,4.4,4.44,USD,4.78
2014-07-01,4.44,4.46,4.29,4.43,USD,4.375
2014-07-02,4.51,4.57,4.4,4.41,USD,4.485
2014-07-03,4.36,4.43,3.79,3.95,USD,4.11
2014-07-07,4.14,4.14,4.09,4.09,USD,4.115
2014-07-08,4.08,4.2,4.04,4.19,USD,4.12
2014-07-09,4.24,5.44,4.13,4.16,USD,4.785
2014-07-10,4.34,4.35,4.14,4.31,USD,4.245
2014-07-11,4.23,4.25,4.15,4.23,USD,4.2
2014-07-14,4.36,4.48,4.35,4.41,USD,4.415
2014-07-15,4.42,6.89,4.23,4.3,USD,5.56
2014-07-16,4.26,7.37,4.09,4.12,USD,5.73
2014-07-17,4.11,4.62,4.1,4.6,USD,4.36
2014-07-18,4.3,4.61,4.14,4.16,USD,4.375
2014-07-21,4.29,4.49,4.28,4.4,USD,4.385
2014-07-22,4.58,4.59,4.39,4.46,USD,4.49
2014-07-23,4.5,4.52,4.38,4.4,USD,4.45
2014-07-24,4.44,4.59,4.41,4.49,USD,4.5
2014-07-25,4.54,8.24,4.46,4.53,USD,6.35
2014-07-28,4.62,4.67,4.58,4.62,USD,4.625
2014-07-29,4.62,4.68,4.54,4.63,USD,4.61
2014-07-30,4.73,4.97,4.41,4.58,USD,4.69
2014-07-31,4.59,4.74,4.45,4.74,USD,4.595
2014-08-01,4.78,4.8,3.7,4.28,USD,4.25
2014-08-04,4.45,4.45,4.33,4.38,USD,4.39
2014-08-05,4.42,4.6,4.32,4.37,USD,4.46
2014-08-06,4.54,4.55,4.45,4.51,USD,4.5
2014-08-07,4.67,4.97,4.6,4.95,USD,4.785
2014-08-08,5.13,5.23,4.95,5.08,USD,5.09
2014-08-11,4.97,4.99,4.92,4.94,USD,4.955
2014-08-12,4.95,5.0,4.9,4.92,USD,4.95
2014-08-13,4.87,5.43,4.81,4.83,USD,5.12
2014-08-14,4.85,5.15,4.74,4.79,USD,4.945
2014-08-15,4.87,5.47,4.72,5.13,USD,5.095
2014-08-18,5.03,5.06,4.9,4.93,USD,4.98
2014-08-19,5.01,5.05,4.85,4.89,USD,4.95
2014-08-20,4.88,5.03,1.79,4.9,USD,3.41
2014-08-21,4.94,6.04,4.7,4.71,USD,5.37
2014-08-22,4.73,5.48,4.62,4.69,USD,5.05
2014-08-25,4.71,4.72,4.5,4.52,USD,4.61
2014-08-26,4.53,4.55,4.46,4.51,USD,4.505
2014-08-27,4.43,4.63,4.43,4.61,USD,4.53
2014-08-28,4.73,4.97,4.72,4.83,USD,4.845
2014-08-29,4.78,4.96,4.44,4.93,USD,4.7
2014-09-02,5.07,5.22,5.04,5.17,USD,5.13
2014-09-03,5.16,5.18,4.99,5.1,USD,5.085
2014-09-04,4.97,5.23,4.84,4.95,USD,5.035
2014-09-05,4.9,4.9,3.81,4.57,USD,4.355
2014-09-08,4.64,4.77,4.51,4.76,USD,4.64
2014-09-09,4.84,4.87,4.73,4.79,USD,4.8
2014-09-10,4.94,4.98,4.89,4.95,USD,4.935
2014-09-11,4.9,5.0,4.79,4.94,USD,4.895
2014-09-12,4.99,5.21,4.98,5.16,USD,5.095
2014-09-15,5.14,5.29,5.12,5.28,USD,5.205
2014-09-16,5.23,7.29,5.21,5.27,USD,6.25
2014-09-17,5.17,5.17,4.17,4.86,USD,4.67
2014-09-18,4.77,4.88,4.33,4.85,USD,4.605
2014-09-19,4.51,4.55,4.38,4.41,USD,4.465
2014-09-22,4.55,4.57,4.4,4.43,USD,4.485
2014-09-23,4.4,4.43,4.35,4.41,USD,4.39
2014-09-24,4.47,4.52,4.38,4.5,USD,4.45
2014-09-25,4.5,4.74,4.02,4.62,USD,4.38
2014-09-26,4.72,6.12,4.69,4.83,USD,5.405
2014-09-29,5.13,5.14,4.81,4.83,USD,4.975
2014-09-30,4.89,4.9,4.78,4.83,USD,4.84
2014-10-01,4.84,5.17,4.78,4.85,USD,4.975
2014-10-02,4.96,4.99,4.83,4.93,USD,4.91
2014-10-03,4.77,4.8,4.18,4.63,USD,4.49
2014-10-06,4.71,4.71,4.62,4.68,USD,4.665
2014-10-07,4.66,5.01,4.64,4.99,USD,4.825
2014-10-08,4.97,7.36,4.87,4.97,USD,6.115
2014-10-09,5.05,5.07,4.79,4.98,USD,4.93
2014-10-10,5.11,5.27,5.05,5.2,USD,5.16
2014-10-13,5.54,5.82,5.52,5.74,USD,5.67
2014-10-14,5.83,6.33,5.67,6.31,USD,6.0
2014-10-15,6.63,10.19,5.32,7.72,USD,7.755
2014-10-16,8.13,8.52,6.75,6.81,USD,7.635
2014-10-17,6.8,6.8,5.85,6.37,USD,6.325
2014-10-20,6.41,6.45,5.88,5.91,USD,6.165
2014-10-21,6.02,6.31,5.67,6.18,USD,5.99
2014-10-22,6.15,7.67,5.85,6.0,USD,6.76
2014-10-23,5.93,6.09,5.86,6.08,USD,5.975
2014-10-24,6.29,6.39,6.12,6.15,USD,6.255
2014-10-27,6.18,6.21,5.93,5.95,USD,6.07
2014-10-28,5.94,5.97,5.45,5.46,USD,5.71
2014-10-29,5.51,6.67,4.81,5.35,USD,5.74
2014-10-30,5.37,5.38,5.09,5.11,USD,5.235
2014-10-31,5.21,5.84,5.13,5.16,USD,5.485
2014-11-03,5.35,5.42,4.77,5.26,USD,5.095
2014-11-04,5.33,5.53,5.32,5.4,USD,5.425
2014-11-05,5.51,5.65,5.38,5.41,USD,5.515
2014-11-06,5.42,5.43,5.12,5.16,USD,5.275
2014-11-07,5.24,5.25,4.77,5.08,USD,5.01
2014-11-10,5.22,5.24,5.08,5.13,USD,5.16
2014-11-11,5.16,5.22,5.15,5.19,USD,5.185
2014-11-12,5.26,6.32,5.23,5.26,USD,5.775
2014-11-13,5.36,5.45,5.09,5.39,USD,5.27
2014-11-14,5.43,7.98,5.28,5.44,USD,6.63
2014-11-17,5.62,5.65,5.45,5.45,USD,5.55
2014-11-18,5.47,5.61,5.17,5.25,USD,5.39
2014-11-19,5.26,10.2,4.85,5.23,USD,7.525
2014-11-20,5.11,5.35,5.04,5.1,USD,5.195
2014-11-21,5.03,5.07,4.91,5.01,USD,4.99
2014-11-24,4.87,4.96,4.82,4.89,USD,4.89
2014-11-25,4.98,6.43,4.93,5.31,USD,5.68
2014-11-26,5.25,5.29,5.1,5.11,USD,5.195
2014-11-28,5.16,5.32,4.88,4.89,USD,5.1
2014-12-01,5.5,5.69,5.48,5.49,USD,5.585
2014-12-02,5.48,5.63,5.31,5.35,USD,5.47
2014-12-03,5.29,5.3,4.93,5.14,USD,5.115
2014-12-04,5.11,7.06,4.92,4.99,USD,5.99
2014-12-05,4.91,4.94,4.1,4.78,USD,4.52
2014-12-08,4.87,4.94,4.75,4.82,USD,4.845
2014-12-09,5.04,5.16,4.91,5.0,USD,5.035
2014-12-10,5.02,5.5,4.96,5.49,USD,5.23
2014-12-11,6.03,6.32,5.47,5.88,USD,5.895
2014-12-12,6.31,7.29,5.85,6.61,USD,6.57
2014-12-15,6.2,6.48,5.97,6.29,USD,6.225
2014-12-16,7.33,7.33,6.37,6.75,USD,6.85
2014-12-17,6.45,7.83,5.74,5.85,USD,6.785
2014-12-18,5.52,6.06,5.34,5.59,USD,5.7
2014-12-19,5.41,5.49,5.29,5.41,USD,5.39
2014-12-22,5.55,5.6,5.31,5.44,USD,5.455
2014-12-23,5.21,6.85,4.86,5.56,USD,5.855
2014-12-24,5.53,5.57,5.37,5.39,USD,5.47
2014-12-26,5.47,5.5,5.23,5.31,USD,5.365
2014-12-29,5.55,5.61,5.4,5.61,USD,5.505
2014-12-30,5.66,5.75,5.39,5.41,USD,5.57
2014-12-31,5.49,5.59,5.33,5.35,USD,5.46
2015-01-02,5.53,5.81,5.52,5.61,USD,5.665
2015-01-05,5.84,6.36,5.77,6.23,USD,6.065
2015-01-06,6.44,7.23,6.43,6.84,USD,6.83
2015-01-07,6.84,6.92,6.55,6.63,USD,6.735
2015-01-08,6.38,6.42,6.28,6.37,USD,6.35
2015-01-09,6.38,12.39,4.82,6.21,USD,8.605
2015-01-12,6.39,6.78,6.34,6.74,USD,6.56
2015-01-13,6.79,7.02,6.45,6.66,USD,6.735
2015-01-14,6.96,7.97,6.51,6.85,USD,7.24
2015-01-15,7.09,7.94,6.91,7.66,USD,7.425
2015-01-16,7.8,8.55,6.08,7.31,USD,7.315
2015-01-20,7.42,7.52,7.18,7.24,USD,7.35
2015-01-21,7.18,7.22,6.85,6.91,USD,7.035
2015-01-22,6.89,6.92,6.5,6.59,USD,6.71
2015-01-23,6.72,7.06,6.65,7.04,USD,6.855
2015-01-26,6.92,6.93,6.76,6.83,USD,6.845
2015-01-27,6.76,7.24,6.54,6.56,USD,6.89
2015-01-28,6.58,6.98,6.1,6.6,USD,6.54
2015-01-29,6.53,7.67,6.31,6.45,USD,6.99
2015-01-30,6.58,7.36,6.32,6.52,USD,6.84
2015-02-02,6.61,6.64,6.36,6.49,USD,6.5
2015-02-03,6.62,6.99,6.55,6.79,USD,6.77
2015-02-04,6.75,7.0,6.58,6.88,USD,6.79
2015-02-05,6.89,6.89,6.61,6.66,USD,6.75
2015-02-06,6.59,6.6,5.58,6.47,USD,6.09
2015-02-09,6.72,6.94,6.72,6.93,USD,6.83
2015-02-10,6.98,7.01,6.81,6.99,USD,6.91
2015-02-11,6.97,7.27,6.61,6.63,USD,6.94
2015-02-12,6.76,10.97,6.41,6.49,USD,8.69
2015-02-13,6.62,6.68,6.35,6.64,USD,6.515
2015-02-17,6.59,6.85,6.42,6.83,USD,6.635
2015-02-18,6.89,9.52,6.8,7.04,USD,8.16
2015-02-19,6.9,7.5,6.81,7.1,USD,7.155
2015-02-20,7.23,7.45,6.92,6.98,USD,7.185
2015-02-23,6.91,7.01,6.83,6.86,USD,6.92
2015-02-24,6.81,8.91,6.4,6.42,USD,7.655
2015-02-25,6.38,6.48,6.34,6.41,USD,6.41
2015-02-26,6.37,6.63,6.23,6.29,USD,6.43
2015-02-27,6.34,6.56,6.13,6.23,USD,6.345
2015-03-02,6.41,6.56,6.32,6.42,USD,6.44
2015-03-03,6.5,6.5,6.24,6.29,USD,6.37
2015-03-04,6.29,6.29,5.62,6.12,USD,5.955
2015-03-05,6.13,8.13,5.91,5.95,USD,7.02
2015-03-06,5.98,6.11,5.58,5.68,USD,5.845
2015-03-09,5.83,5.9,5.63,5.65,USD,5.765
2015-03-10,5.78,5.97,5.71,5.8,USD,5.84
2015-03-11,5.79,5.88,5.72,5.78,USD,5.8
2015-03-12,5.9,6.01,4.14,5.79,USD,5.075
2015-03-13,5.82,6.22,5.69,5.71,USD,5.955
2015-03-16,5.95,5.98,5.8,5.83,USD,5.89
2015-03-17,5.96,7.06,5.77,5.83,USD,6.415
2015-03-18,5.88,5.98,5.05,5.66,USD,5.515
2015-03-19,5.63,6.47,5.52,5.66,USD,5.995
2015-03-20,5.49,5.55,5.45,5.53,USD,5.5
2015-03-23,5.72,5.75,5.46,5.46,USD,5.605
2015-03-24,5.54,6.83,5.38,5.61,USD,6.105
2015-03-25,5.6,6.59,5.52,5.57,USD,6.055
2015-03-26,5.72,5.82,5.61,5.63,USD,5.715
2015-03-27,5.74,5.98,5.69,5.77,USD,5.835
2015-03-30,5.87,6.0,5.77,5.77,USD,5.885
2015-03-31,5.81,5.86,5.74,5.78,USD,5.8
2015-04-01,5.86,7.06,5.59,5.83,USD,6.325
2015-04-02,5.91,5.91,5.54,5.66,USD,5.725
2015-04-06,5.61,5.61,5.4,5.45,USD,5.505
2015-04-07,5.4,5.46,5.33,5.37,USD,5.395
2015-04-08,5.35,9.79,5.08,5.09,USD,7.435
2015-04-09,5.12,6.49,4.98,5.05,USD,5.735
2015-04-10,5.04,5.06,4.95,5.01,USD,5.005
2015-04-13,5.25,5.25,5.08,5.14,USD,5.165
2015-04-14,5.21,6.46,4.92,4.94,USD,5.69
2015-04-15,4.88,5.57,4.79,4.82,USD,5.18
2015-04-16,4.93,4.94,4.84,4.85,USD,4.89
2015-04-17,4.94,5.5,4.75,4.99,USD,5.125
2015-04-20,5.13,5.2,5.11,5.19,USD,5.155
2015-04-21,5.06,5.11,4.95,5.06,USD,5.03
2015-04-22,5.06,5.29,5.03,5.17,USD,5.16
2015-04-23,5.2,6.66,5.08,5.12,USD,5.87
2015-04-24,5.13,5.15,4.82,4.89,USD,4.985
2015-04-27,4.94,5.11,4.92,5.03,USD,5.015
2015-04-28,5.08,5.91,5.07,5.15,USD,5.49
2015-04-29,5.48,7.72,4.8,5.32,USD,6.26
2015-04-30,5.44,5.86,5.39,5.45,USD,5.625
2015-05-05,6.24,6.55,6.1,6.37,USD,6.325
2015-05-06,6.58,6.76,6.32,6.53,USD,6.54
2015-05-07,6.55,6.76,6.1,6.16,USD,6.43
2015-05-08,6.24,6.3,4.79,5.62,USD,5.545
2015-05-11,5.91,6.38,5.86,6.38,USD,6.12
2015-05-12,7.44,7.51,6.39,6.5,USD,6.95
2015-05-13,6.35,7.3,6.14,6.43,USD,6.72
2015-05-14,6.43,7.18,5.74,5.99,USD,6.46
2015-05-15,6.06,8.43,6.0,6.0,USD,7.215
2015-05-18,5.8,6.13,5.75,6.13,USD,5.94
2015-05-19,6.04,6.6,6.04,6.36,USD,6.32
2015-05-20,6.38,11.33,5.52,6.22,USD,8.425
2015-05-21,6.15,6.21,6.03,6.18,USD,6.12
2015-05-22,6.04,8.2,3.76,6.0,USD,5.98
2015-05-26,6.3,7.45,6.12,6.15,USD,6.785
2015-05-27,6.17,6.23,5.87,5.88,USD,6.05
2015-05-28,5.96,8.23,5.91,6.01,USD,7.07
2015-05-29,6.02,6.85,5.83,5.99,USD,6.34
2015-06-01,6.16,6.17,6.0,6.1,USD,6.085
2015-06-02,6.28,6.6,6.21,6.22,USD,6.405
2015-06-03,6.39,6.84,6.3,6.74,USD,6.57
2015-06-04,6.76,6.79,6.24,6.56,USD,6.515
2015-06-05,6.64,6.69,5.13,6.28,USD,5.91
2015-06-08,6.41,6.44,6.29,6.29,USD,6.365
2015-06-09,6.25,6.46,6.23,6.36,USD,6.345
2015-06-10,6.81,7.68,6.59,6.74,USD,7.135
2015-06-11,6.62,7.15,5.72,6.18,USD,6.435
2015-06-12,6.3,6.4,6.2,6.39,USD,6.3
2015-06-15,6.56,6.57,6.12,6.25,USD,6.345
2015-06-16,6.26,6.3,6.16,6.21,USD,6.23
2015-06-17,6.33,7.49,5.83,5.85,USD,6.66
2015-06-18,5.99,7.58,5.6,5.99,USD,6.59
2015-06-19,5.94,6.22,5.92,6.2,USD,6.07
2015-06-22,6.33,6.35,6.13,6.17,USD,6.24
2015-06-23,6.16,6.27,6.02,6.23,USD,6.145
2015-06-24,6.19,6.22,6.05,6.18,USD,6.135
2015-06-25,6.27,8.53,6.18,6.28,USD,7.355
2015-06-26,6.32,6.49,6.2,6.37,USD,6.345
2015-06-29,6.81,7.37,6.69,7.27,USD,7.03
2015-06-30,7.06,7.32,6.77,6.9,USD,7.045
2015-07-01,6.88,7.01,6.55,6.56,USD,6.78
2015-07-02,6.51,6.65,5.91,6.58,USD,6.28
2015-07-06,6.7,6.74,6.58,6.61,USD,6.66
2015-07-07,6.7,7.05,6.54,6.63,USD,6.795
2015-07-08,6.75,6.77,6.48,6.76,USD,6.625
2015-07-09,6.76,6.83,6.58,6.81,USD,6.705
2015-07-10,6.56,6.75,6.4,6.69,USD,6.575
2015-07-13,6.56,6.57,6.31,6.32,USD,6.44
2015-07-14,6.24,6.78,5.98,6.05,USD,6.38
2015-07-15,6.0,8.49,5.74,5.97,USD,7.115
2015-07-16,5.83,6.28,5.64,5.66,USD,5.96
2015-07-17,5.71,5.72,5.39,5.47,USD,5.555
2015-07-20,5.62,5.73,5.35,5.38,USD,5.54
2015-07-21,5.4,5.5,5.3,5.33,USD,5.4
2015-07-22,5.37,5.46,5.27,5.33,USD,5.365
2015-07-23,5.32,5.42,5.16,5.37,USD,5.29
2015-07-24,5.46,5.53,5.36,5.4,USD,5.445
2015-07-27,5.6,5.67,5.48,5.55,USD,5.575
2015-07-28,5.57,8.42,5.45,5.46,USD,6.935
2015-07-29,5.51,6.4,5.23,5.24,USD,5.815
2015-07-30,5.3,5.42,4.91,5.37,USD,5.165
2015-07-31,5.43,5.74,5.38,5.58,USD,5.56
2015-08-03,5.7,5.74,5.2,5.68,USD,5.47
2015-08-04,5.76,5.76,5.55,5.69,USD,5.655
2015-08-05,5.69,6.39,5.06,5.43,USD,5.725
2015-08-06,5.55,5.67,5.38,5.59,USD,5.525
2015-08-07,5.73,5.78,4.86,5.32,USD,5.32
2015-08-10,5.46,5.47,5.33,5.35,USD,5.4
2015-08-11,5.41,5.73,5.34,5.6,USD,5.535
2015-08-12,5.85,6.14,5.84,5.95,USD,5.99
2015-08-13,5.87,6.06,5.67,5.69,USD,5.865
2015-08-14,5.89,6.58,5.6,5.65,USD,6.09
2015-08-17,5.76,5.84,5.7,5.74,USD,5.77
2015-08-18,5.81,7.01,5.63,5.68,USD,6.32
2015-08-19,5.72,6.88,5.55,5.59,USD,6.215
2015-08-20,5.65,6.05,5.5,5.79,USD,5.775
2015-08-21,5.76,6.05,5.67,6.02,USD,5.86
2015-08-24,6.82,7.38,6.37,6.47,USD,6.875
2015-08-25,6.21,6.5,6.01,6.43,USD,6.255
2015-08-26,6.25,6.52,6.24,6.41,USD,6.38
2015-08-27,6.25,7.32,6.12,6.2,USD,6.72
2015-08-28,6.05,6.27,6.0,6.02,USD,6.135
2015-08-31,6.11,6.12,5.91,6.01,USD,6.015
2015-09-01,6.28,6.29,6.03,6.27,USD,6.16
2015-09-02,6.15,6.33,5.95,6.01,USD,6.14
2015-09-03,6.05,6.06,5.77,5.79,USD,5.915
2015-09-04,5.7,9.39,5.46,5.66,USD,7.425
2015-09-08,5.85,5.89,5.81,5.84,USD,5.85
2015-09-09,5.98,6.86,5.77,5.79,USD,6.315
2015-09-10,5.75,6.61,5.63,5.64,USD,6.12
2015-09-11,5.64,5.72,4.96,5.63,USD,5.34
2015-09-14,5.84,5.85,5.68,5.71,USD,5.765
2015-09-15,5.74,5.98,5.64,5.94,USD,5.81
2015-09-16,6.04,6.18,5.93,6.01,USD,6.055
2015-09-17,6.01,6.08,4.47,5.2,USD,5.275
2015-09-18,4.96,5.16,4.87,5.09,USD,5.015
2015-09-21,5.19,5.21,5.06,5.17,USD,5.135
2015-09-22,5.24,5.48,5.22,5.32,USD,5.35
2015-09-23,5.33,5.43,5.18,5.34,USD,5.305
2015-09-24,5.5,6.25,5.45,5.47,USD,5.85
2015-09-25,5.46,5.48,5.15,5.15,USD,5.315
2015-09-28,5.44,5.67,5.32,5.63,USD,5.495
2015-09-29,5.6,5.72,5.57,5.65,USD,5.645
2015-09-30,5.59,5.62,5.35,5.54,USD,5.485
2015-10-01,5.5,5.59,5.32,5.34,USD,5.455
2015-10-02,5.29,5.3,4.35,5.08,USD,4.825
2015-10-05,5.15,5.23,5.1,5.16,USD,5.165
2015-10-06,5.16,5.24,4.86,5.17,USD,5.05
2015-10-07,5.21,5.23,5.05,5.07,USD,5.14
2015-10-08,5.1,5.39,4.84,5.03,USD,5.115
2015-10-09,5.05,5.07,4.98,4.98,USD,5.025
2015-10-12,5.15,5.18,5.08,5.1,USD,5.13
2015-10-13,5.11,5.11,4.98,5.03,USD,5.045
2015-10-14,5.11,5.34,4.87,4.98,USD,5.105
2015-10-15,5.06,9.59,4.69,4.96,USD,7.14
2015-10-16,4.79,4.86,4.77,4.81,USD,4.815
2015-10-19,5.05,5.08,4.99,5.02,USD,5.035
2015-10-20,5.1,5.21,5.05,5.09,USD,5.13
2015-10-21,5.05,5.08,4.9,4.91,USD,4.99
2015-10-22,4.98,4.99,4.85,4.88,USD,4.92
2015-10-23,5.04,5.12,4.97,4.98,USD,5.045
2015-10-26,5.15,5.15,5.03,5.07,USD,5.09
2015-10-27,5.17,5.21,5.11,5.17,USD,5.16
2015-10-28,5.24,5.49,4.98,5.34,USD,5.235
2015-10-29,5.31,9.34,5.22,5.33,USD,7.28
2015-10-30,5.31,5.44,5.17,5.28,USD,5.305
2015-11-02,5.59,5.62,5.45,5.49,USD,5.535
2015-11-03,5.52,5.6,5.5,5.54,USD,5.55
2015-11-04,5.4,5.58,5.35,5.57,USD,5.465
2015-11-05,5.54,5.63,5.08,5.53,USD,5.355
2015-11-06,5.56,6.51,4.83,5.09,USD,5.67
2015-11-09,5.22,5.31,5.15,5.19,USD,5.23
2015-11-10,5.17,5.68,5.12,5.19,USD,5.4
2015-11-11,5.15,5.18,5.1,5.13,USD,5.14
2015-11-12,5.13,5.2,5.08,5.11,USD,5.14
2015-11-13,5.1,6.05,4.53,4.93,USD,5.29
2015-11-16,5.19,5.27,5.06,5.1,USD,5.165
2015-11-17,5.15,5.93,4.99,5.08,USD,5.46
2015-11-18,5.1,5.5,4.87,4.9,USD,5.185
2015-11-19,4.91,5.04,4.82,5.04,USD,4.93
2015-11-20,4.91,4.95,4.8,4.84,USD,4.875
2015-11-23,4.86,5.23,4.82,5.21,USD,5.025
2015-11-24,5.22,5.38,5.2,5.21,USD,5.29
2015-11-25,5.23,9.24,5.03,5.11,USD,7.135
2015-11-27,5.17,5.18,5.06,5.15,USD,5.12
2015-11-30,5.4,5.4,5.26,5.28,USD,5.33
2015-12-01,5.33,6.29,5.29,5.52,USD,5.79
2015-12-02,5.47,7.94,5.3,5.35,USD,6.62
2015-12-03,5.32,7.24,5.09,5.23,USD,6.165
2015-12-04,5.18,5.19,4.77,4.83,USD,4.98
2015-12-07,4.98,5.02,4.91,4.96,USD,4.965
2015-12-08,4.97,5.03,4.87,4.99,USD,4.95
2015-12-09,5.01,5.26,4.78,5.15,USD,5.02
2015-12-10,5.13,5.19,5.09,5.17,USD,5.14
2015-12-11,5.23,52.14,5.21,5.59,USD,28.675
2015-12-14,5.79,6.28,5.73,5.97,USD,6.005
2015-12-15,6.05,6.49,5.89,5.9,USD,6.19
2015-12-16,5.97,6.29,5.05,5.09,USD,5.67
2015-12-17,4.73,4.87,4.66,4.77,USD,4.765
2015-12-18,4.82,4.86,4.67,4.77,USD,4.765
2015-12-21,4.79,4.85,4.66,4.78,USD,4.755
2015-12-22,4.79,4.84,4.24,4.83,USD,4.54
2015-12-23,4.87,4.87,4.69,4.7,USD,4.78
2015-12-24,4.69,4.75,4.61,4.63,USD,4.68
2015-12-28,4.91,4.94,4.78,4.81,USD,4.86
2015-12-29,4.89,5.02,4.82,5.01,USD,4.92
2015-12-30,4.97,5.02,4.93,4.95,USD,4.975
2015-12-31,4.94,4.99,4.87,4.96,USD,4.93
2016-01-04,5.54,5.54,5.27,5.28,USD,5.405
2016-01-05,5.3,5.31,5.15,5.22,USD,5.23
2016-01-06,5.36,6.93,4.79,5.33,USD,5.86
2016-01-07,5.43,6.77,5.29,5.41,USD,6.03
2016-01-08,5.24,8.11,4.88,5.28,USD,6.495
2016-01-11,5.38,5.4,5.24,5.28,USD,5.32
2016-01-12,5.18,5.53,5.14,5.43,USD,5.335
2016-01-13,5.38,6.72,5.36,5.63,USD,6.04
2016-01-14,5.64,6.36,5.46,5.53,USD,5.91
2016-01-15,5.71,7.35,5.69,6.17,USD,6.52
2016-01-19,6.11,6.37,6.11,6.35,USD,6.24
2016-01-20,6.67,6.8,6.28,6.29,USD,6.54
2016-01-21,6.37,6.38,5.78,5.88,USD,6.08
2016-01-22,5.55,5.73,5.49,5.64,USD,5.61
2016-01-25,5.8,5.89,5.7,5.8,USD,5.795
2016-01-26,5.85,5.9,5.69,5.71,USD,5.795
2016-01-27,5.56,5.57,5.12,5.53,USD,5.345
2016-01-28,5.35,7.36,5.24,5.39,USD,6.3
2016-01-29,5.64,5.71,5.45,5.69,USD,5.58
2016-02-01,5.74,5.75,5.56,5.6,USD,5.655
2016-02-02,5.56,6.04,5.55,6.03,USD,5.795
2016-02-03,6.03,6.55,5.97,6.21,USD,6.26
2016-02-04,6.11,6.25,5.97,6.08,USD,6.11
2016-02-05,6.08,8.62,5.03,5.99,USD,6.825
2016-02-08,6.64,7.2,6.54,7.11,USD,6.87
2016-02-09,7.62,11.43,6.85,6.86,USD,9.14
2016-02-10,6.66,11.09,6.25,6.72,USD,8.67
2016-02-11,8.32,8.53,7.37,7.65,USD,7.95
2016-02-12,7.51,8.76,6.61,6.9,USD,7.685
2016-02-16,6.45,6.6,6.33,6.37,USD,6.465
2016-02-17,6.23,16.78,5.8,6.17,USD,11.29
2016-02-18,6.05,8.76,5.87,6.33,USD,7.315
2016-02-19,6.41,6.45,6.15,6.26,USD,6.3
2016-02-22,6.11,6.24,5.97,6.07,USD,6.105
2016-02-23,6.01,6.13,5.75,6.08,USD,5.94
2016-02-24,6.31,8.74,5.98,6.02,USD,7.36
2016-02-25,5.93,9.9,5.77,6.01,USD,7.835
2016-02-26,5.83,10.29,5.59,5.8,USD,7.94
2016-02-29,5.87,7.7,5.71,5.76,USD,6.705
2016-03-01,5.73,9.04,5.53,5.8,USD,7.285
2016-03-02,5.92,5.95,5.74,5.79,USD,5.845
2016-03-03,5.82,5.92,5.6,5.63,USD,5.76
2016-03-04,5.58,8.19,4.09,5.54,USD,6.14
2016-03-07,5.74,5.76,5.61,5.74,USD,5.685
2016-03-08,5.74,6.05,5.74,5.96,USD,5.895
2016-03-09,5.93,5.95,5.76,5.9,USD,5.855
2016-03-10,5.81,6.9,5.7,5.78,USD,6.3
2016-03-11,5.74,5.91,5.68,5.7,USD,5.795
2016-03-14,5.81,5.81,5.65,5.66,USD,5.73
2016-03-15,5.68,5.68,5.46,5.48,USD,5.57
2016-03-16,5.47,5.47,5.47,5.47,USD,5.47
2016-03-17,4.99,5.11,3.51,5.07,USD,4.31
2016-03-18,5.04,5.05,4.92,4.94,USD,4.985
2016-03-21,5.14,5.39,5.09,5.31,USD,5.24
2016-03-22,5.29,5.46,5.15,5.44,USD,5.305
2016-03-23,5.32,5.48,5.26,5.45,USD,5.37
2016-03-24,5.45,6.71,5.31,5.35,USD,6.01
2016-03-28,5.59,5.65,5.49,5.5,USD,5.57
2016-03-29,5.56,5.75,5.05,5.32,USD,5.4
2016-03-30,5.36,6.11,4.92,5.22,USD,5.515
2016-03-31,5.32,6.37,4.98,5.16,USD,5.675
2016-04-01,5.16,6.54,4.17,4.83,USD,5.355
2016-04-04,4.98,5.01,4.9,4.99,USD,4.955
2016-04-05,5.18,5.3,5.11,5.28,USD,5.205
2016-04-06,5.18,6.34,5.02,5.04,USD,5.68
2016-04-07,5.19,5.35,5.13,5.32,USD,5.24
2016-04-08,5.16,5.18,5.1,5.16,USD,5.14
2016-04-11,5.2,5.22,5.09,5.12,USD,5.155
2016-04-12,5.17,5.21,5.1,5.12,USD,5.155
2016-04-13,5.08,5.22,4.94,4.99,USD,5.08
2016-04-14,4.96,5.17,4.86,5.05,USD,5.015
2016-04-15,4.87,4.9,4.38,4.78,USD,4.64
2016-04-18,5.03,5.03,4.93,4.94,USD,4.98
2016-04-19,5.02,5.16,5.0,5.09,USD,5.08
2016-04-20,5.12,5.36,4.96,5.3,USD,5.16
2016-04-21,5.52,5.56,5.34,5.53,USD,5.45
2016-04-22,5.6,5.67,5.34,5.37,USD,5.505
2016-04-25,5.58,5.67,5.49,5.61,USD,5.58
2016-04-26,5.65,6.57,5.36,5.38,USD,5.965
2016-04-27,5.46,5.95,5.3,5.34,USD,5.625
2016-04-28,5.23,6.92,5.19,5.5,USD,6.055
2016-04-29,5.4,5.47,5.35,5.45,USD,5.41
2016-05-02,5.6,6.94,5.49,5.51,USD,6.215
2016-05-03,5.59,5.77,5.58,5.65,USD,5.675
2016-05-04,5.69,6.59,5.55,5.58,USD,6.07
2016-05-05,5.6,5.74,5.46,5.54,USD,5.6
2016-05-06,5.53,7.05,5.17,5.18,USD,6.11
2016-05-09,5.35,5.38,5.31,5.33,USD,5.345
2016-05-10,5.26,5.31,5.24,5.28,USD,5.275
2016-05-11,5.3,6.36,5.27,5.33,USD,5.815
2016-05-12,5.47,6.74,5.28,5.32,USD,6.01
2016-05-13,5.4,6.58,5.08,5.45,USD,5.83
2016-05-16,5.59,5.7,5.54,5.57,USD,5.62
2016-05-17,5.6,6.9,5.31,5.38,USD,6.105
2016-05-18,5.39,5.62,5.02,5.56,USD,5.32
2016-05-19,5.58,7.59,5.47,5.55,USD,6.53
2016-05-20,5.44,5.51,5.21,5.27,USD,5.36
2016-05-23,5.31,5.39,5.25,5.32,USD,5.32
2016-05-24,5.18,5.29,5.06,5.12,USD,5.175
2016-05-25,5.14,5.94,4.85,4.88,USD,5.395
2016-05-26,4.87,5.6,4.77,4.81,USD,5.185
2016-05-27,4.83,4.85,4.65,4.8,USD,4.75
2016-05-31,5.12,5.26,5.09,5.17,USD,5.175
2016-06-01,5.44,5.44,5.15,5.19,USD,5.295
2016-06-02,5.25,5.26,5.09,5.16,USD,5.175
2016-06-03,5.13,5.85,4.83,5.02,USD,5.34
2016-06-06,5.24,5.27,4.95,4.95,USD,5.11
2016-06-07,4.88,4.94,4.87,4.89,USD,4.905
2016-06-08,4.83,5.91,4.82,4.97,USD,5.365
2016-06-09,5.09,8.59,5.04,5.15,USD,6.815
2016-06-10,5.4,5.66,5.38,5.56,USD,5.52
2016-06-13,5.93,6.25,5.93,6.24,USD,6.09
2016-06-14,6.61,6.77,5.99,6.04,USD,6.38
2016-06-15,6.06,8.22,4.4,6.16,USD,6.31
2016-06-16,6.38,9.58,6.15,6.64,USD,7.865
2016-06-17,6.32,6.57,6.25,6.33,USD,6.41
2016-06-20,5.82,6.36,5.76,6.26,USD,6.06
2016-06-21,6.24,7.34,6.05,6.15,USD,6.695
2016-06-22,6.27,7.48,6.13,6.38,USD,6.805
2016-06-23,5.87,6.19,5.44,6.05,USD,5.815
2016-06-24,6.86,6.86,5.84,6.58,USD,6.35
2016-06-27,6.88,6.88,6.34,6.75,USD,6.61
2016-06-28,6.11,6.18,5.91,6.04,USD,6.045
2016-06-29,5.71,5.74,5.41,5.46,USD,5.575
2016-06-30,5.42,5.64,4.82,5.63,USD,5.23
2016-07-01,5.8,6.87,5.57,5.58,USD,6.22
2016-07-05,5.91,6.2,5.73,6.06,USD,5.965
2016-07-06,6.26,7.09,5.93,5.99,USD,6.51
2016-07-07,5.95,9.39,5.81,5.99,USD,7.6
2016-07-08,6.05,9.35,5.49,5.51,USD,7.42
2016-07-11,5.47,5.57,5.42,5.56,USD,5.495
2016-07-12,5.51,5.7,5.47,5.62,USD,5.585
2016-07-13,5.65,5.95,5.6,5.63,USD,5.775
2016-07-14,5.66,5.82,5.36,5.74,USD,5.59
2016-07-15,5.88,11.07,2.13,5.83,USD,6.6
2016-07-18,5.82,5.85,5.58,5.6,USD,5.715
2016-07-19,5.51,5.91,5.38,5.52,USD,5.645
2016-07-20,5.52,5.6,5.41,5.41,USD,5.505
2016-07-21,5.64,5.64,4.72,5.43,USD,5.18
2016-07-22,5.39,5.39,5.16,5.31,USD,5.275
2016-07-25,5.4,5.47,5.28,5.47,USD,5.375
2016-07-26,5.4,5.45,5.29,5.33,USD,5.37
2016-07-27,5.34,5.37,5.12,5.14,USD,5.245
2016-07-28,5.12,5.25,5.1,5.24,USD,5.175
2016-07-29,5.12,8.32,4.07,4.84,USD,6.195
2016-08-01,5.01,5.06,4.97,5.02,USD,5.015
2016-08-02,5.26,5.3,5.14,5.29,USD,5.22
2016-08-03,5.26,7.08,5.18,5.23,USD,6.13
2016-08-04,5.16,5.18,5.03,5.07,USD,5.105
2016-08-05,4.96,5.04,3.59,5.02,USD,4.315
2016-08-08,5.09,5.15,4.99,5.04,USD,5.07
2016-08-09,5.02,5.03,4.87,4.92,USD,4.95
2016-08-10,4.86,5.78,4.53,4.8,USD,5.155
2016-08-11,4.8,5.95,4.76,4.97,USD,5.355
2016-08-12,4.92,5.02,4.72,4.81,USD,4.87
2016-08-15,4.96,5.09,4.95,5.08,USD,5.02
2016-08-16,5.06,5.26,4.98,5.09,USD,5.12
2016-08-17,5.16,6.63,4.92,4.98,USD,5.775
2016-08-18,4.94,5.04,4.92,4.99,USD,4.98
2016-08-19,5.03,5.16,5.0,5.03,USD,5.08
2016-08-22,5.24,5.25,5.03,5.1,USD,5.14
2016-08-23,5.14,5.15,4.92,4.95,USD,5.035
2016-08-24,5.01,7.16,4.97,5.09,USD,6.065
2016-08-25,5.16,5.41,5.07,5.39,USD,5.24
2016-08-26,5.36,5.68,4.9,5.42,USD,5.29
2016-08-29,5.3,5.33,5.06,5.14,USD,5.195
2016-08-30,5.12,5.6,5.05,5.12,USD,5.325
2016-08-31,5.18,5.23,5.01,5.16,USD,5.12
2016-09-01,5.21,5.43,5.13,5.16,USD,5.28
2016-09-02,5.27,5.27,4.68,4.75,USD,4.975
2016-09-06,4.95,4.98,4.49,4.65,USD,4.735
2016-09-07,4.65,4.73,4.6,4.7,USD,4.665
2016-09-08,4.68,4.84,4.58,4.81,USD,4.71
2016-09-09,4.95,5.19,4.94,5.18,USD,5.065
2016-09-12,5.53,7.06,5.08,5.08,USD,6.07
2016-09-13,5.0,6.52,4.94,5.24,USD,5.73
2016-09-14,5.19,5.26,5.13,5.25,USD,5.195
2016-09-15,5.13,5.24,4.99,5.06,USD,5.115
2016-09-16,4.88,5.01,4.82,4.83,USD,4.915
2016-09-19,5.18,5.3,5.11,5.14,USD,5.205
2016-09-20,5.18,5.27,5.11,5.12,USD,5.19
2016-09-21,4.98,5.02,4.6,4.62,USD,4.81
2016-09-22,4.56,4.58,4.32,4.4,USD,4.45
2016-09-23,4.45,4.47,4.31,4.41,USD,4.39
2016-09-26,4.62,4.62,4.36,4.6,USD,4.49
2016-09-27,4.65,4.66,4.45,4.46,USD,4.555
2016-09-28,4.45,4.46,4.35,4.38,USD,4.405
2016-09-29,4.45,4.77,4.34,4.67,USD,4.555
2016-09-30,4.81,4.86,4.46,4.73,USD,4.66
2016-10-03,4.74,4.76,4.62,4.62,USD,4.69
2016-10-04,4.58,4.72,4.54,4.66,USD,4.63
2016-10-05,4.71,4.72,4.53,4.6,USD,4.625
2016-10-06,4.62,4.77,4.59,4.74,USD,4.68
2016-10-07,4.86,5.05,4.55,4.59,USD,4.8
2016-10-10,4.81,4.84,4.77,4.77,USD,4.805
2016-10-11,4.8,4.81,4.68,4.73,USD,4.745
2016-10-12,4.8,5.37,4.7,4.71,USD,5.035
2016-10-13,4.7,4.77,4.62,4.62,USD,4.695
2016-10-14,4.43,4.92,4.28,4.52,USD,4.6
2016-10-17,4.63,4.74,4.47,4.61,USD,4.605
2016-10-18,4.61,4.86,3.34,4.38,USD,4.1
2016-10-19,4.41,4.62,4.29,4.44,USD,4.455
2016-10-20,4.41,4.42,4.16,4.17,USD,4.29
2016-10-21,4.19,4.24,3.88,3.94,USD,4.06
2016-10-24,4.15,4.27,4.11,4.13,USD,4.19
2016-10-25,4.15,5.01,3.75,4.14,USD,4.38
2016-10-26,4.32,4.41,4.25,4.36,USD,4.33
2016-10-27,4.66,4.81,4.49,4.54,USD,4.65
2016-10-28,4.67,4.75,4.43,4.58,USD,4.59
2016-10-31,4.7,5.29,4.69,4.9,USD,4.99
2016-11-01,5.1,5.12,4.94,4.98,USD,5.03
2016-11-02,5.05,5.93,4.98,5.03,USD,5.455
2016-11-03,5.06,6.31,5.05,5.16,USD,5.68
2016-11-04,5.18,5.44,4.7,5.31,USD,5.07
2016-11-07,5.39,5.45,5.33,5.44,USD,5.39
2016-11-08,5.52,5.55,5.11,5.14,USD,5.33
2016-11-09,5.39,6.25,5.07,5.74,USD,5.66
2016-11-10,5.88,6.02,5.12,5.92,USD,5.57
2016-11-11,5.78,6.31,5.64,6.26,USD,5.975
2016-11-14,7.1,7.15,6.59,7.07,USD,6.87
2016-11-15,6.98,7.18,5.97,6.43,USD,6.575
2016-11-16,6.84,6.87,5.96,6.17,USD,6.415
2016-11-17,5.99,6.26,5.62,6.17,USD,5.94
2016-11-18,6.19,6.98,6.13,6.83,USD,6.555
2016-11-21,6.76,7.02,6.67,6.74,USD,6.845
2016-11-22,6.92,6.92,6.09,6.2,USD,6.505
2016-11-23,6.28,7.15,5.54,6.41,USD,6.345
2016-11-25,6.89,6.89,6.59,6.72,USD,6.74
2016-11-28,6.44,6.48,6.31,6.41,USD,6.395
2016-11-29,6.42,6.6,6.23,6.26,USD,6.415
2016-11-30,6.65,7.34,6.55,6.95,USD,6.945
2016-12-01,7.28,8.19,7.0,7.01,USD,7.595
2016-12-02,6.75,6.95,5.85,6.84,USD,6.4
2016-12-05,6.8,6.93,6.5,6.52,USD,6.715
2016-12-06,6.35,6.36,6.12,6.14,USD,6.24
2016-12-07,6.02,6.07,5.81,5.93,USD,5.94
2016-12-08,6.18,6.23,5.66,5.7,USD,5.945
2016-12-09,5.76,6.12,5.62,5.94,USD,5.87
2016-12-12,6.61,6.71,6.2,6.26,USD,6.455
2016-12-13,6.02,6.34,5.9,6.08,USD,6.12
2016-12-14,6.09,8.33,5.87,6.26,USD,7.1
2016-12-15,6.27,6.32,5.79,6.16,USD,6.055
2016-12-16,5.17,7.72,4.99,5.26,USD,6.355
2016-12-19,5.27,5.32,5.04,5.14,USD,5.18
2016-12-20,5.32,5.51,5.27,5.37,USD,5.39
2016-12-21,5.35,5.43,5.21,5.34,USD,5.32
2016-12-22,5.42,11.89,5.23,5.3,USD,8.56
2016-12-23,5.24,5.38,5.21,5.27,USD,5.295
2016-12-27,5.49,5.62,5.41,5.43,USD,5.515
2016-12-28,5.46,5.48,5.28,5.35,USD,5.38
2016-12-29,5.29,6.28,5.24,5.49,USD,5.76
2016-12-30,5.47,5.49,5.36,5.4,USD,5.425
2017-01-03,5.8,6.01,5.77,5.82,USD,5.89
2017-01-04,5.82,5.98,5.8,5.8,USD,5.89
2017-01-05,5.79,6.15,5.69,6.12,USD,5.92
2017-01-06,6.02,6.07,5.6,5.64,USD,5.835
2017-01-09,5.8,6.0,5.76,5.78,USD,5.88
2017-01-10,5.67,5.75,5.57,5.59,USD,5.66
2017-01-11,5.73,5.78,5.43,5.44,USD,5.605
2017-01-12,5.54,5.6,5.23,5.51,USD,5.415
2017-01-13,5.5,5.5,5.44,5.44,USD,5.47
2017-01-17,5.83,5.92,5.78,5.86,USD,5.85
2017-01-18,5.82,5.88,5.71,5.87,USD,5.795
2017-01-19,6.11,10.98,5.96,6.0,USD,8.47
2017-01-20,6.05,6.06,5.52,5.56,USD,5.79
2017-01-23,5.77,5.88,5.71,5.77,USD,5.795
2017-01-24,5.77,5.91,5.77,5.83,USD,5.84
2017-01-25,5.88,6.02,5.87,5.91,USD,5.945
2017-01-26,5.95,6.19,5.6,5.65,USD,5.895
2017-01-27,5.7,5.71,5.31,5.47,USD,5.51
2017-01-30,5.76,5.9,5.67,5.7,USD,5.785
2017-01-31,5.76,5.86,5.69,5.79,USD,5.775
2017-02-01,5.8,8.22,5.48,5.56,USD,6.85
2017-02-02,5.52,5.54,5.37,5.4,USD,5.455
2017-02-03,5.4,5.41,4.98,5.07,USD,5.195
2017-02-06,5.21,5.43,5.2,5.42,USD,5.315
2017-02-07,5.3,5.51,5.28,5.39,USD,5.395
2017-02-08,5.45,11.73,5.44,5.54,USD,8.585
2017-02-09,5.45,7.63,5.36,5.39,USD,6.495
2017-02-10,5.42,5.42,5.25,5.3,USD,5.335
2017-02-13,5.47,5.53,5.3,5.33,USD,5.415
2017-02-14,5.38,5.42,5.07,5.09,USD,5.245
2017-02-15,5.1,5.22,4.86,4.87,USD,5.04
2017-02-16,4.93,5.42,4.84,4.97,USD,5.13
2017-02-17,5.22,5.31,5.15,5.18,USD,5.23
2017-02-21,5.45,5.47,5.26,5.37,USD,5.365
2017-02-22,5.52,8.1,5.3,5.41,USD,6.7
2017-02-23,5.36,8.15,5.18,5.29,USD,6.665
2017-02-24,5.34,5.39,5.19,5.37,USD,5.29
2017-02-27,5.33,5.47,5.13,5.46,USD,5.3
2017-02-28,5.45,8.34,5.37,5.68,USD,6.855
2017-03-01,5.43,5.81,5.24,5.29,USD,5.525
2017-03-02,5.3,6.08,5.03,5.04,USD,5.555
2017-03-03,5.11,9.06,4.76,4.79,USD,6.91
2017-03-06,4.96,5.01,4.91,4.91,USD,4.96
2017-03-07,4.95,4.95,4.76,4.82,USD,4.855
2017-03-08,5.03,6.54,4.87,4.98,USD,5.705
2017-03-09,5.02,5.1,4.92,5.07,USD,5.01
2017-03-10,4.98,5.86,3.61,4.79,USD,4.735
2017-03-13,4.94,5.09,4.87,5.03,USD,4.98
2017-03-14,5.1,5.1,5.0,5.05,USD,5.05
2017-03-15,5.07,9.49,4.46,4.54,USD,6.975
2017-03-16,4.53,4.59,4.47,4.56,USD,4.53
2017-03-17,4.45,4.47,4.31,4.34,USD,4.39
2017-03-20,4.62,4.64,4.41,4.43,USD,4.525
2017-03-21,4.43,4.69,4.3,4.69,USD,4.495
2017-03-22,4.8,4.93,4.67,4.83,USD,4.8
2017-03-23,4.84,5.01,4.79,5.01,USD,4.9
2017-03-24,5.06,5.08,4.75,4.75,USD,4.915
2017-03-27,5.08,5.14,4.86,4.87,USD,5.0
2017-03-28,4.84,4.87,4.65,4.75,USD,4.76
2017-03-29,4.69,4.72,4.6,4.69,USD,4.66
2017-03-30,4.73,8.41,4.63,4.73,USD,6.52
2017-03-31,4.73,4.74,4.59,4.68,USD,4.665
2017-04-03,4.84,4.97,4.78,4.95,USD,4.875
2017-04-04,5.25,5.27,5.02,5.14,USD,5.145
2017-04-05,5.11,5.96,5.03,5.25,USD,5.495
2017-04-06,5.19,5.21,5.05,5.12,USD,5.13
2017-04-07,5.28,5.31,4.13,5.08,USD,4.72
2017-04-10,5.25,5.39,5.17,5.3,USD,5.28
2017-04-11,5.28,7.75,5.25,5.67,USD,6.5
2017-04-12,5.59,9.46,5.56,5.89,USD,7.51
2017-04-13,5.94,7.3,5.52,5.59,USD,6.41
2017-04-17,5.89,5.91,5.58,5.67,USD,5.745
2017-04-18,5.78,6.14,5.75,5.81,USD,5.945
2017-04-19,5.71,5.81,5.52,5.74,USD,5.665
2017-04-20,5.56,5.8,5.48,5.76,USD,5.64
2017-04-21,5.94,9.4,5.92,6.28,USD,7.66
2017-04-24,4.81,5.12,4.76,5.08,USD,4.94
2017-04-25,4.88,4.95,4.66,4.87,USD,4.805
2017-04-26,4.72,6.37,4.7,4.79,USD,5.535
2017-04-27,4.73,4.75,4.58,4.59,USD,4.665
2017-04-28,4.61,4.66,4.53,4.65,USD,4.595
2017-05-01,4.75,4.81,4.67,4.75,USD,4.74
2017-05-02,4.84,4.84,4.68,4.73,USD,4.76
2017-05-03,4.72,5.06,4.64,4.69,USD,4.85
2017-05-04,4.78,4.98,4.77,4.83,USD,4.875
2017-05-05,4.86,4.88,4.3,4.85,USD,4.59
2017-05-08,4.47,4.56,4.44,4.52,USD,4.5
2017-05-09,4.55,4.56,4.44,4.56,USD,4.5
2017-05-10,4.46,5.67,4.35,4.38,USD,5.01
2017-05-11,4.37,4.87,4.37,4.52,USD,4.62
2017-05-12,4.52,4.55,4.39,4.48,USD,4.47
2017-05-15,4.57,4.6,4.39,4.41,USD,4.495
2017-05-16,4.45,4.47,4.33,4.36,USD,4.4
2017-05-17,4.43,5.06,4.41,5.0,USD,4.735
2017-05-18,4.97,5.07,4.6,4.67,USD,4.835
2017-05-19,4.6,4.65,4.39,4.6,USD,4.52
2017-05-22,4.56,4.62,4.49,4.53,USD,4.555
2017-05-23,4.56,4.73,4.51,4.53,USD,4.62
2017-05-24,4.55,9.21,4.41,4.45,USD,6.81
2017-05-25,4.46,4.47,4.34,4.37,USD,4.405
2017-05-26,4.44,4.51,4.24,4.28,USD,4.375
2017-05-30,4.61,4.65,4.52,4.57,USD,4.585
2017-05-31,4.56,4.7,4.54,4.57,USD,4.62
2017-06-01,4.6,4.6,4.46,4.51,USD,4.53
2017-06-02,4.55,4.56,3.79,4.36,USD,4.175
2017-06-05,4.43,4.45,4.36,4.37,USD,4.405
2017-06-06,4.54,4.58,4.45,4.53,USD,4.515
2017-06-07,4.5,4.51,4.4,4.5,USD,4.455
2017-06-08,4.49,4.49,4.32,4.38,USD,4.405
2017-06-09,4.21,4.24,4.14,4.21,USD,4.19
2017-06-12,4.37,4.41,4.23,4.25,USD,4.32
2017-06-13,4.25,4.27,4.19,4.22,USD,4.23
2017-06-14,4.31,4.47,4.01,4.25,USD,4.24
2017-06-15,4.25,4.27,4.14,4.17,USD,4.205
2017-06-16,4.01,4.12,3.97,3.98,USD,4.045
2017-06-19,4.14,4.23,4.07,4.2,USD,4.15
2017-06-20,4.24,4.33,4.15,4.16,USD,4.24
2017-06-21,4.15,4.35,4.14,4.24,USD,4.245
2017-06-22,4.19,4.27,4.08,4.11,USD,4.175
2017-06-23,4.13,4.14,3.99,4.05,USD,4.065
2017-06-26,4.12,4.22,3.98,3.98,USD,4.1
2017-06-27,4.13,4.4,4.12,4.29,USD,4.26
2017-06-28,4.45,4.46,4.26,4.3,USD,4.36
2017-06-29,4.59,4.81,4.56,4.63,USD,4.685
2017-06-30,4.49,4.89,4.34,4.87,USD,4.615
2017-07-03,4.81,5.04,4.71,4.82,USD,4.875
2017-07-05,4.87,8.02,4.63,4.64,USD,6.325
2017-07-06,4.93,4.94,4.64,4.68,USD,4.79
2017-07-07,4.66,4.67,4.05,4.45,USD,4.36
2017-07-10,4.51,4.51,4.35,4.38,USD,4.43
2017-07-11,4.36,4.53,4.32,4.43,USD,4.425
2017-07-12,4.37,4.42,4.25,4.3,USD,4.335
2017-07-13,4.39,4.46,4.24,4.28,USD,4.35
2017-07-14,4.09,4.13,2.09,3.75,USD,3.11
2017-07-17,3.99,4.04,3.8,3.89,USD,3.92
2017-07-18,3.79,3.96,3.77,3.93,USD,3.865
2017-07-19,3.87,3.97,3.82,3.87,USD,3.895
2017-07-20,3.78,3.82,3.6,3.72,USD,3.71
2017-07-21,3.67,3.7,3.59,3.64,USD,3.645
2017-07-24,3.81,3.92,3.76,3.88,USD,3.84
2017-07-25,3.99,4.2,3.97,4.2,USD,4.085
2017-07-26,4.16,4.21,3.6,3.81,USD,3.905
2017-07-27,3.82,3.96,3.61,3.89,USD,3.785
2017-07-28,4.02,4.04,3.49,3.85,USD,3.765
2017-07-31,4.0,4.09,3.93,4.0,USD,4.01
2017-08-01,3.97,4.1,3.89,4.05,USD,3.995
2017-08-02,4.05,4.06,3.85,3.88,USD,3.955
2017-08-03,3.9,3.92,3.75,3.86,USD,3.835
2017-08-04,3.78,3.85,3.09,3.74,USD,3.47
2017-08-07,3.96,3.97,3.79,3.83,USD,3.88
2017-08-08,3.87,4.04,3.83,4.0,USD,3.935
2017-08-09,4.29,8.89,4.23,4.26,USD,6.56
2017-08-10,4.42,6.24,3.86,4.56,USD,5.05
2017-08-11,4.69,4.7,3.5,4.43,USD,4.1
2017-08-14,4.35,4.35,4.12,4.19,USD,4.235
2017-08-15,4.13,4.2,3.91,4.08,USD,4.055
2017-08-16,4.11,6.43,3.81,4.03,USD,5.12
2017-08-17,4.11,4.25,4.04,4.22,USD,4.145
2017-08-18,4.17,4.4,4.15,4.19,USD,4.275
2017-08-21,4.34,4.44,4.32,4.39,USD,4.38
2017-08-22,4.35,4.36,4.13,4.15,USD,4.245
2017-08-23,4.21,4.32,4.16,4.29,USD,4.24
2017-08-24,4.31,4.33,4.18,4.25,USD,4.255
2017-08-25,4.25,4.25,3.4,4.01,USD,3.825
2017-08-28,4.02,4.02,3.88,3.92,USD,3.95
2017-08-29,4.44,6.66,4.15,4.19,USD,5.405
2017-08-30,4.07,4.2,3.44,4.19,USD,3.82
2017-08-31,4.08,4.18,3.4,4.14,USD,3.79
2017-09-01,4.1,4.11,3.22,3.93,USD,3.665
2017-09-05,4.42,4.65,4.37,4.54,USD,4.51
2017-09-06,4.6,4.62,4.4,4.52,USD,4.51
2017-09-07,4.46,4.69,4.22,4.6,USD,4.455
2017-09-08,4.58,4.72,4.52,4.62,USD,4.62
2017-09-11,4.31,4.33,4.18,4.27,USD,4.255
2017-09-12,4.19,6.88,4.16,4.19,USD,5.52
2017-09-13,4.2,4.21,3.7,4.17,USD,3.955
2017-09-14,4.22,4.26,3.87,4.12,USD,4.065
2017-09-15,3.94,3.96,3.77,3.78,USD,3.865
2017-09-18,3.9,4.1,3.86,4.01,USD,3.98
2017-09-19,4.07,4.12,3.97,4.05,USD,4.045
2017-09-20,4.14,4.73,3.42,4.08,USD,4.075
2017-09-21,3.92,3.96,3.84,3.92,USD,3.9
2017-09-22,4.04,4.2,3.98,4.11,USD,4.09
2017-09-25,4.03,4.38,3.97,4.32,USD,4.175
2017-09-26,4.19,4.21,4.04,4.1,USD,4.125
2017-09-27,4.11,4.23,3.81,4.15,USD,4.02
2017-09-28,4.14,4.17,3.97,4.08,USD,4.07
2017-09-29,3.99,5.71,3.93,4.24,USD,4.82
2017-10-02,4.32,4.35,4.27,4.33,USD,4.31
2017-10-03,4.24,4.28,4.2,4.21,USD,4.24
2017-10-04,4.22,4.29,3.66,4.23,USD,3.975
2017-10-05,4.19,4.4,4.18,4.3,USD,4.29
2017-10-06,4.33,4.42,3.17,4.35,USD,3.795
2017-10-09,4.38,4.39,4.35,4.38,USD,4.37
2017-10-10,4.39,4.47,4.33,4.34,USD,4.4
2017-10-11,4.35,5.84,4.19,4.2,USD,5.015
2017-10-12,4.17,4.22,4.11,4.21,USD,4.165
2017-10-13,4.19,4.2,3.75,3.93,USD,3.975
2017-10-16,3.98,4.02,3.88,3.93,USD,3.95
2017-10-17,3.88,4.04,3.88,4.04,USD,3.96
2017-10-18,4.05,4.2,4.03,4.18,USD,4.115
2017-10-19,4.25,4.3,3.85,4.13,USD,4.075
2017-10-20,4.23,4.77,4.2,4.39,USD,4.485
2017-10-23,4.44,4.44,4.33,4.41,USD,4.385
2017-10-24,4.54,4.57,4.36,4.52,USD,4.465
2017-10-25,4.59,4.72,4.19,4.53,USD,4.455
2017-10-26,4.49,4.57,4.18,4.47,USD,4.375
2017-10-27,4.42,4.64,3.54,4.03,USD,4.09
2017-10-30,4.15,4.17,4.02,4.12,USD,4.095
2017-10-31,4.11,4.12,4.01,4.09,USD,4.065
2017-11-01,4.11,4.58,3.71,3.95,USD,4.145
2017-11-02,3.87,3.9,3.72,3.73,USD,3.81
2017-11-03,3.73,3.85,3.45,3.55,USD,3.65
2017-11-06,3.73,3.73,3.68,3.71,USD,3.705
2017-11-07,3.75,3.76,3.66,3.67,USD,3.71
2017-11-08,3.71,3.72,3.53,3.66,USD,3.625
2017-11-09,3.76,3.79,3.67,3.69,USD,3.73
2017-11-10,3.74,3.88,3.69,3.84,USD,3.785
2017-11-13,3.91,3.91,3.83,3.9,USD,3.87
2017-11-14,3.95,3.96,3.85,3.86,USD,3.905
2017-11-15,3.93,4.23,3.79,3.93,USD,4.01
2017-11-16,3.93,3.95,3.82,3.88,USD,3.885
2017-11-17,3.95,3.97,3.79,3.81,USD,3.88
2017-11-20,3.88,3.89,3.37,3.83,USD,3.63
2017-11-21,3.86,3.86,3.73,3.79,USD,3.795
2017-11-22,3.72,4.45,3.22,3.59,USD,3.835
2017-11-24,3.72,3.72,3.4,3.4,USD,3.56
2017-11-27,3.61,3.64,3.54,3.6,USD,3.59
2017-11-28,3.56,5.35,3.5,3.6,USD,4.425
2017-11-29,3.6,3.7,3.48,3.62,USD,3.59
2017-11-30,3.69,3.86,3.07,3.86,USD,3.465
2017-12-01,3.91,4.41,3.62,4.03,USD,4.015
2017-12-04,3.93,4.06,3.88,4.06,USD,3.97
2017-12-05,3.94,3.96,3.88,3.93,USD,3.92
2017-12-06,3.92,3.95,3.78,3.79,USD,3.865
2017-12-07,3.76,3.87,3.62,3.78,USD,3.745
2017-12-08,3.79,3.79,3.57,3.59,USD,3.68
2017-12-11,3.76,3.77,3.62,3.65,USD,3.695
2017-12-12,3.68,3.79,3.62,3.72,USD,3.705
2017-12-13,3.73,4.47,3.37,3.44,USD,3.92
2017-12-14,3.44,3.55,3.19,3.5,USD,3.37
2017-12-15,3.31,3.35,3.14,3.21,USD,3.245
2017-12-18,3.34,3.4,3.2,3.32,USD,3.3
2017-12-19,3.24,3.48,3.22,3.43,USD,3.35
2017-12-20,3.51,3.56,3.39,3.52,USD,3.475
2017-12-22,3.73,3.75,3.55,3.61,USD,3.65
2017-12-26,3.71,3.75,3.52,3.55,USD,3.635
2017-12-27,3.5,3.52,3.12,3.42,USD,3.32
2017-12-28,3.43,3.5,3.25,3.49,USD,3.375
2017-12-29,3.5,3.57,3.43,3.52,USD,3.5
2018-01-02,3.72,3.79,3.67,3.73,USD,3.73
2018-01-03,3.8,3.81,3.38,3.55,USD,3.595
2018-01-04,3.6,3.75,3.55,3.6,USD,3.65
2018-01-05,3.57,3.62,3.42,3.44,USD,3.52
2018-01-08,3.53,3.53,3.46,3.52,USD,3.495
2018-01-09,3.52,3.78,3.5,3.78,USD,3.64
2018-01-10,4.11,4.11,3.65,3.68,USD,3.88
2018-01-11,3.78,3.8,3.53,3.68,USD,3.665
2018-01-12,3.57,3.65,3.21,3.63,USD,3.43
2018-01-16,3.7,3.72,3.6,3.66,USD,3.66
2018-01-17,3.62,3.73,3.53,3.69,USD,3.63
2018-01-18,3.73,4.0,3.72,3.97,USD,3.86
2018-01-19,4.13,4.27,3.87,4.27,USD,4.07
2018-01-22,4.24,4.25,4.02,4.14,USD,4.135
2018-01-23,4.02,4.12,3.91,4.03,USD,4.015
2018-01-24,4.18,4.39,3.82,4.18,USD,4.105
2018-01-25,4.03,4.26,3.44,3.99,USD,3.85
2018-01-26,4.08,4.42,3.97,4.4,USD,4.195
2018-01-29,4.84,4.99,4.34,4.39,USD,4.665
2018-01-30,4.44,4.52,4.26,4.51,USD,4.39
2018-01-31,4.41,4.5,4.27,4.37,USD,4.385
2018-02-01,4.37,4.59,4.27,4.49,USD,4.43
2018-02-02,4.41,4.57,4.15,4.48,USD,4.36
2018-02-05,4.62,5.08,3.71,5.08,USD,4.395
2018-02-06,5.43,5.45,4.94,5.13,USD,5.195
2018-02-07,5.02,5.15,4.87,5.15,USD,5.01
2018-02-08,5.23,6.26,5.12,6.07,USD,5.69
2018-02-09,5.67,6.16,5.45,5.78,USD,5.805
2018-02-12,5.81,5.81,5.35,5.35,USD,5.58
2018-02-13,5.3,5.43,5.15,5.43,USD,5.29
2018-02-14,5.4,5.42,4.81,5.33,USD,5.115
2018-02-15,5.3,5.3,4.8,4.8,USD,5.05
2018-02-16,4.74,4.79,4.54,4.56,USD,4.665
2018-02-20,4.78,4.87,4.65,4.77,USD,4.76
2018-02-21,4.61,4.87,4.53,4.83,USD,4.7
2018-02-22,4.68,4.86,4.65,4.78,USD,4.755
2018-02-23,4.83,4.96,4.74,4.88,USD,4.85
2018-02-26,4.92,5.02,4.82,4.84,USD,4.92
2018-02-27,4.76,4.9,4.7,4.86,USD,4.8
2018-02-28,4.77,4.9,4.74,4.83,USD,4.82
2018-03-01,4.86,5.01,4.68,4.82,USD,4.845
2018-03-02,4.95,5.18,4.88,4.92,USD,5.03
2018-03-05,4.89,4.99,4.82,4.89,USD,4.905
2018-03-06,4.86,4.87,4.7,4.72,USD,4.785
2018-03-07,4.85,4.9,4.76,4.78,USD,4.83
2018-03-08,4.75,4.75,4.5,4.51,USD,4.625
2018-03-09,4.45,4.48,4.26,4.3,USD,4.37
2018-03-12,4.53,4.56,4.16,4.2,USD,4.36
2018-03-13,4.28,4.31,3.92,4.04,USD,4.115
2018-03-14,4.05,4.25,3.92,4.2,USD,4.085
2018-03-15,4.17,4.23,4.1,4.13,USD,4.165
2018-03-16,4.09,4.2,4.01,4.1,USD,4.105
2018-03-19,4.25,4.49,4.24,4.38,USD,4.365
2018-03-20,4.34,4.42,4.31,4.4,USD,4.365
2018-03-21,4.44,4.47,3.79,3.87,USD,4.13
2018-03-22,3.85,4.15,3.79,4.0,USD,3.97
2018-03-23,4.1,4.14,3.85,4.12,USD,3.995
2018-03-26,4.01,4.1,3.92,3.94,USD,4.01
2018-03-27,3.91,4.21,3.86,4.04,USD,4.035
2018-03-28,4.15,4.31,3.89,4.14,USD,4.1
2018-03-29,4.06,4.28,4.04,4.17,USD,4.16
2018-04-02,4.31,4.46,4.15,4.33,USD,4.305
2018-04-03,4.18,4.19,4.0,4.02,USD,4.095
2018-04-04,4.11,4.18,3.83,3.93,USD,4.005
2018-04-05,3.98,4.01,3.84,3.88,USD,3.925
2018-04-06,4.0,4.0,3.76,3.85,USD,3.88
2018-04-09,3.87,3.93,3.79,3.82,USD,3.86
2018-04-10,3.85,3.86,3.76,3.78,USD,3.81
2018-04-11,3.82,3.84,3.53,3.72,USD,3.685
2018-04-12,3.71,3.81,3.05,3.72,USD,3.43
2018-04-13,3.6,3.65,3.45,3.53,USD,3.55
2018-04-16,3.69,3.74,3.55,3.64,USD,3.645
2018-04-17,3.59,3.62,3.4,3.46,USD,3.51
2018-04-18,3.52,3.67,3.42,3.66,USD,3.545
2018-04-19,3.67,3.85,3.65,3.72,USD,3.75
2018-04-20,3.74,3.83,3.57,3.76,USD,3.7
2018-04-23,3.92,3.95,3.79,3.87,USD,3.87
2018-04-24,3.88,4.02,3.85,3.99,USD,3.935
2018-04-25,4.25,4.38,4.17,4.31,USD,4.275
2018-04-26,4.09,4.13,4.0,4.06,USD,4.065
2018-04-27,3.87,3.89,3.7,3.81,USD,3.795
2018-04-30,3.94,3.94,3.84,3.93,USD,3.89
2018-05-01,3.9,4.09,3.9,3.98,USD,3.995
2018-05-02,3.98,3.98,3.72,3.77,USD,3.85
2018-05-03,3.73,3.8,3.7,3.72,USD,3.75
2018-05-04,3.75,3.76,3.51,3.58,USD,3.635
2018-05-07,3.74,3.75,3.68,3.68,USD,3.715
2018-05-08,3.76,3.89,3.72,3.85,USD,3.805
2018-05-09,3.98,4.0,3.81,3.85,USD,3.905
2018-05-10,3.85,3.86,3.59,3.61,USD,3.725
2018-05-11,3.53,3.57,3.4,3.44,USD,3.485
2018-05-14,3.57,3.68,3.5,3.58,USD,3.59
2018-05-15,3.77,4.08,3.71,3.87,USD,3.895
2018-05-16,4.12,4.12,3.89,4.08,USD,4.005
2018-05-17,4.17,4.17,3.9,4.05,USD,4.035
2018-05-18,3.9,3.95,3.77,3.82,USD,3.86
2018-05-21,4.04,4.18,4.0,4.1,USD,4.09
2018-05-22,3.96,4.02,3.82,3.87,USD,3.92
2018-05-23,4.08,4.08,3.88,3.96,USD,3.98
2018-05-24,3.82,3.97,3.74,3.74,USD,3.855
2018-05-25,3.78,3.96,3.74,3.81,USD,3.85
2018-05-29,4.38,5.33,4.12,5.08,USD,4.725
2018-05-30,4.51,4.96,4.34,4.8,USD,4.65
2018-05-31,4.41,4.69,4.34,4.54,USD,4.515
2018-06-01,4.27,4.32,3.71,4.08,USD,4.015
2018-06-04,4.07,4.1,3.73,4.08,USD,3.915
2018-06-05,4.09,4.23,4.04,4.08,USD,4.135
2018-06-06,4.11,4.29,4.08,4.22,USD,4.185
2018-06-07,4.21,4.51,4.03,4.31,USD,4.27
2018-06-08,4.41,4.52,4.31,4.38,USD,4.415
2018-06-11,4.45,4.61,4.09,4.43,USD,4.35
2018-06-12,4.46,4.47,4.19,4.34,USD,4.33
2018-06-13,4.32,4.32,4.0,4.07,USD,4.16
2018-06-14,3.99,3.99,3.68,3.95,USD,3.835
2018-06-15,3.66,3.83,3.63,3.66,USD,3.73
2018-06-18,3.86,3.9,3.71,3.74,USD,3.805
2018-06-19,3.95,4.05,3.84,3.95,USD,3.945
2018-06-20,3.84,3.86,3.69,3.79,USD,3.775
2018-06-21,3.82,4.06,3.76,4.01,USD,3.91
2018-06-22,3.95,3.95,3.74,3.76,USD,3.845
2018-06-25,3.94,4.16,3.92,4.01,USD,4.04
2018-06-26,3.98,4.01,3.77,3.79,USD,3.89
2018-06-27,3.87,10.37,3.68,3.98,USD,7.025
2018-06-28,4.02,6.64,3.86,3.92,USD,5.25
2018-06-29,3.83,3.84,3.7,3.72,USD,3.77
2018-07-02,3.94,3.95,3.65,3.79,USD,3.8
2018-07-03,3.83,3.88,3.75,3.87,USD,3.815
2018-07-05,3.91,3.96,3.73,3.87,USD,3.845
2018-07-06,3.86,3.99,3.46,3.71,USD,3.725
2018-07-09,3.83,3.89,3.76,3.77,USD,3.825
2018-07-10,3.76,3.81,3.72,3.79,USD,3.765
2018-07-11,3.89,3.91,3.15,3.86,USD,3.53
2018-07-12,3.85,3.85,3.68,3.69,USD,3.765
2018-07-13,3.71,3.77,3.61,3.63,USD,3.69
2018-07-16,3.78,3.82,3.71,3.76,USD,3.765
2018-07-17,3.71,3.74,3.63,3.65,USD,3.685
2018-07-18,3.64,3.65,3.5,3.62,USD,3.575
2018-07-19,3.67,3.75,3.61,3.65,USD,3.68
2018-07-20,3.63,3.82,3.39,3.76,USD,3.605
2018-07-23,3.97,4.17,3.95,4.09,USD,4.06
2018-07-24,4.03,4.09,3.73,3.94,USD,3.91
2018-07-25,3.87,3.92,3.73,3.92,USD,3.825
2018-07-26,3.88,4.05,3.76,3.91,USD,3.905
2018-07-27,3.77,3.79,3.57,3.74,USD,3.68
2018-07-30,3.94,3.98,3.88,3.97,USD,3.93
2018-07-31,3.74,3.76,3.63,3.65,USD,3.695
2018-08-01,3.78,3.89,3.17,3.79,USD,3.53
2018-08-02,3.79,3.83,3.72,3.78,USD,3.775
2018-08-03,3.73,3.78,3.6,3.69,USD,3.69
2018-08-06,3.77,3.8,3.67,3.68,USD,3.735
2018-08-07,3.68,3.69,3.57,3.65,USD,3.63
2018-08-08,3.72,9.27,3.59,3.63,USD,6.43
2018-08-09,3.68,3.68,3.51,3.58,USD,3.595
2018-08-10,3.74,4.22,2.69,3.94,USD,3.455
2018-08-13,4.12,4.21,3.96,4.15,USD,4.085
2018-08-14,3.94,3.97,3.51,3.86,USD,3.74
2018-08-15,4.04,4.42,3.95,3.99,USD,4.185
2018-08-16,3.93,3.93,3.77,3.88,USD,3.85
2018-08-17,3.9,3.97,3.82,3.87,USD,3.895
2018-08-20,3.94,4.05,3.93,3.97,USD,3.99
2018-08-21,3.87,3.88,3.68,3.73,USD,3.78
2018-08-22,3.88,3.99,3.71,3.8,USD,3.85
2018-08-23,3.77,3.87,3.66,3.72,USD,3.765
2018-08-24,3.73,3.74,3.41,3.51,USD,3.575
2018-08-27,3.69,7.33,3.54,3.58,USD,5.435
2018-08-28,3.55,3.72,3.53,3.69,USD,3.625
2018-08-29,3.69,3.77,3.52,3.58,USD,3.645
2018-08-30,3.69,3.82,3.64,3.74,USD,3.73
2018-08-31,3.76,3.8,3.64,3.65,USD,3.72
2018-09-04,3.84,3.84,3.64,3.81,USD,3.74
2018-09-05,3.82,3.85,3.7,3.72,USD,3.775
2018-09-06,3.69,3.78,3.63,3.72,USD,3.705
2018-09-07,3.66,3.71,3.28,3.58,USD,3.495
2018-09-10,3.69,3.7,3.6,3.6,USD,3.65
2018-09-11,3.54,3.59,3.49,3.52,USD,3.54
2018-09-12,3.52,3.51,3.42,3.42,USD,3.465
2018-09-13,3.45,3.46,2.45,3.33,USD,2.955
2018-09-14,3.1,3.55,3.03,3.16,USD,3.29
2018-09-17,3.38,3.43,3.15,3.27,USD,3.29
2018-09-18,3.24,3.49,3.21,3.37,USD,3.35
2018-09-19,3.44,3.64,3.41,3.54,USD,3.525
2018-09-20,3.59,3.76,2.91,3.5,USD,3.335
2018-09-21,3.64,3.69,3.38,3.41,USD,3.535
2018-09-24,3.57,3.66,3.54,3.62,USD,3.6
2018-09-25,3.75,3.77,3.66,3.71,USD,3.715
2018-09-26,3.66,3.67,3.37,3.45,USD,3.52
2018-09-27,3.37,3.42,3.24,3.33,USD,3.33
2018-09-28,3.47,3.47,3.3,3.34,USD,3.385
2018-10-01,3.49,3.53,3.44,3.47,USD,3.485
2018-10-02,3.48,3.51,3.39,3.46,USD,3.45
2018-10-03,3.45,4.01,3.43,3.87,USD,3.72
2018-10-04,4.43,4.44,4.11,4.14,USD,4.275
2018-10-05,4.19,4.41,3.78,4.21,USD,4.095
2018-10-08,4.22,4.32,4.18,4.32,USD,4.25
2018-10-09,4.43,4.43,4.08,4.1,USD,4.255
2018-10-10,4.18,4.44,4.16,4.42,USD,4.3
2018-10-11,4.35,4.42,3.97,4.16,USD,4.195
2018-10-12,4.1,4.23,3.89,3.93,USD,4.06
2018-10-15,4.06,4.09,3.83,3.89,USD,3.96
2018-10-16,3.9,3.9,3.67,3.71,USD,3.785
2018-10-17,3.7,3.71,3.51,3.67,USD,3.61
2018-10-18,3.75,3.93,3.7,3.78,USD,3.815
2018-10-19,3.7,3.77,3.08,3.74,USD,3.425
2018-10-22,3.97,3.98,3.85,3.93,USD,3.915
2018-10-23,4.16,4.37,4.08,4.16,USD,4.225
2018-10-24,4.22,4.85,4.17,4.69,USD,4.51
2018-10-25,4.38,4.43,3.83,4.28,USD,4.13
2018-10-26,4.55,4.94,4.28,4.69,USD,4.61
2018-10-29,4.62,4.84,4.43,4.67,USD,4.635
2018-10-30,4.49,4.79,4.48,4.64,USD,4.635
2018-10-31,4.49,4.55,4.39,4.41,USD,4.47
2018-11-01,4.36,4.47,4.28,4.34,USD,4.375
2018-11-02,4.3,4.58,4.23,4.58,USD,4.405
2018-11-05,4.66,4.66,4.4,4.43,USD,4.53
2018-11-06,4.49,4.72,4.42,4.66,USD,4.57
2018-11-07,3.84,4.01,3.64,4.01,USD,3.825
2018-11-08,3.85,4.01,3.67,4.01,USD,3.84
2018-11-09,3.82,3.93,3.71,3.82,USD,3.82
2018-11-12,3.99,4.04,3.88,3.9,USD,3.96
2018-11-13,3.94,4.12,3.83,4.08,USD,3.975
2018-11-14,4.1,4.4,2.37,4.17,USD,3.385
2018-11-15,4.21,4.28,3.34,4.07,USD,3.81
2018-11-16,4.07,4.28,4.05,4.21,USD,4.165
2018-11-19,4.35,4.45,4.25,4.37,USD,4.35
2018-11-20,4.37,4.39,3.92,4.29,USD,4.155
2018-11-21,4.18,4.34,4.07,4.32,USD,4.205
2018-11-23,4.17,4.26,3.96,4.01,USD,4.11
2018-11-26,3.97,4.01,3.88,3.94,USD,3.945
2018-11-27,3.93,3.98,3.87,3.89,USD,3.925
2018-11-28,3.88,4.02,3.83,3.83,USD,3.925
2018-11-29,3.92,3.98,3.8,3.85,USD,3.89
2018-11-30,3.91,3.96,3.84,3.88,USD,3.9
2018-12-03,3.72,3.8,3.68,3.76,USD,3.74
2018-12-04,3.79,4.14,3.64,3.99,USD,3.89
2018-12-06,4.23,4.9,4.01,4.23,USD,4.455
2018-12-07,4.07,4.43,3.96,4.35,USD,4.195
2018-12-10,4.39,4.63,4.32,4.38,USD,4.475
2018-12-11,4.18,4.36,4.18,4.29,USD,4.27
2018-12-12,4.18,4.19,3.99,4.01,USD,4.09
2018-12-13,3.88,3.9,3.76,3.81,USD,3.83
2018-12-14,3.61,3.76,3.41,3.66,USD,3.585
2018-12-17,3.8,4.09,3.76,4.04,USD,3.925
2018-12-18,3.96,4.14,3.94,4.11,USD,4.04
2018-12-19,4.03,4.09,3.67,3.83,USD,3.88
2018-12-20,3.8,4.57,3.79,4.31,USD,4.18
2018-12-21,4.34,4.91,4.16,4.89,USD,4.535
2018-12-24,5.35,5.42,4.88,4.91,USD,5.15
2018-12-26,4.83,4.86,4.39,4.41,USD,4.625
2018-12-27,4.49,4.86,4.49,4.57,USD,4.675
2018-12-28,4.43,4.62,4.4,4.55,USD,4.51
2018-12-31,4.6,4.63,4.51,4.58,USD,4.57
2019-01-02,4.72,4.72,4.34,4.39,USD,4.53
2019-01-03,4.43,5.09,3.74,5.04,USD,4.415
2019-01-04,4.8,4.83,4.54,4.63,USD,4.685
2019-01-07,4.7,4.73,4.47,4.48,USD,4.6
2019-01-08,4.48,4.56,4.36,4.42,USD,4.46
2019-01-09,4.38,4.45,4.25,4.29,USD,4.35
2019-01-10,4.33,4.34,3.81,4.16,USD,4.075
2019-01-11,4.27,4.27,3.97,4.02,USD,4.12
2019-01-14,4.19,4.21,4.01,4.05,USD,4.11
2019-01-15,4.09,4.15,3.88,3.97,USD,4.015
2019-01-16,3.94,4.0,3.85,3.92,USD,3.925
2019-01-17,4.06,4.07,3.61,4.02,USD,3.84
2019-01-18,3.93,4.05,3.81,3.84,USD,3.93
2019-01-22,4.21,4.34,4.0,4.25,USD,4.17
2019-01-23,4.16,4.31,4.1,4.1,USD,4.205
2019-01-24,4.18,4.21,3.95,4.07,USD,4.08
2019-01-25,3.97,3.97,3.79,3.8,USD,3.88
2019-01-28,3.89,4.01,3.85,3.87,USD,3.93
2019-01-29,3.89,3.94,3.85,3.92,USD,3.895
2019-01-30,3.85,3.88,3.75,3.79,USD,3.815
2019-01-31,3.75,3.87,3.63,3.83,USD,3.75
2019-02-01,3.88,3.89,3.51,3.66,USD,3.7
2019-02-04,3.74,3.75,3.68,3.73,USD,3.715
2019-02-05,3.76,3.8,3.63,3.64,USD,3.715
2019-02-06,3.63,3.65,3.53,3.6,USD,3.59
2019-02-07,3.7,3.71,3.57,3.66,USD,3.64
2019-02-08,3.77,3.78,3.62,3.64,USD,3.7
2019-02-11,3.71,3.75,3.63,3.68,USD,3.69
2019-02-12,3.61,3.75,3.59,3.72,USD,3.67
2019-02-13,3.7,3.71,3.53,3.6,USD,3.62
2019-02-14,3.65,3.74,3.37,3.62,USD,3.555
2019-02-15,3.46,3.48,3.32,3.42,USD,3.4
2019-02-19,3.64,3.69,3.55,3.64,USD,3.62
2019-02-20,3.67,3.67,3.43,3.47,USD,3.55
2019-02-21,3.62,3.66,3.54,3.61,USD,3.6
2019-02-22,3.62,3.69,3.51,3.55,USD,3.6
2019-02-25,3.68,3.71,3.39,3.58,USD,3.55
2019-02-26,3.57,3.69,3.52,3.69,USD,3.605
2019-02-27,3.69,3.96,3.67,3.89,USD,3.815
2019-02-28,3.85,3.96,3.61,3.86,USD,3.785
2019-03-01,3.98,4.0,3.73,3.88,USD,3.865
2019-03-04,3.97,3.98,3.84,3.86,USD,3.91
2019-03-05,3.88,3.88,3.71,3.72,USD,3.795
2019-03-06,3.76,3.77,3.62,3.64,USD,3.695
2019-03-07,3.67,3.75,3.61,3.71,USD,3.68
2019-03-08,3.7,3.79,3.57,3.62,USD,3.68
2019-03-11,3.79,3.82,3.68,3.69,USD,3.75
2019-03-12,3.79,3.8,3.37,3.76,USD,3.585
2019-03-13,3.73,3.79,3.7,3.75,USD,3.745
2019-03-14,3.76,3.81,3.73,3.76,USD,3.77
2019-03-15,3.76,3.76,3.76,3.76,USD,3.76
2019-03-18,3.76,3.76,3.52,3.55,USD,3.64
2019-03-19,3.54,3.62,3.0,3.45,USD,3.31
2019-03-20,3.45,3.64,3.35,3.42,USD,3.495
2019-03-21,3.59,3.63,3.4,3.55,USD,3.515
2019-03-22,3.85,4.62,3.85,4.29,USD,4.235
2019-03-25,4.1,5.29,4.04,5.24,USD,4.665
2019-03-26,4.54,4.68,3.9,4.54,USD,4.29
2019-03-27,4.88,5.08,3.57,4.78,USD,4.325
2019-03-28,4.74,4.74,4.11,4.42,USD,4.425
2019-03-29,4.12,4.42,3.56,4.39,USD,3.99
2019-04-01,4.17,4.2,3.87,3.91,USD,4.035
2019-04-02,3.91,3.98,3.84,3.97,USD,3.91
2019-04-03,3.86,3.88,3.76,3.77,USD,3.82
2019-04-04,3.77,3.81,3.75,3.78,USD,3.78
2019-04-05,3.69,3.78,2.84,3.62,USD,3.31
2019-04-08,3.74,3.78,3.63,3.64,USD,3.705
2019-04-09,3.63,3.83,3.62,3.68,USD,3.725
2019-04-10,3.65,3.67,3.07,3.59,USD,3.37
2019-04-11,3.5,3.52,3.37,3.42,USD,3.445
2019-04-12,3.58,3.6,3.38,3.45,USD,3.49
2019-04-15,3.57,3.61,3.49,3.5,USD,3.55
2019-04-16,3.57,3.64,3.5,3.62,USD,3.57
2019-04-17,3.68,3.72,3.6,3.68,USD,3.66
2019-04-18,3.65,3.68,3.45,3.56,USD,3.565
2019-04-22,3.56,3.56,3.56,3.56,USD,3.56
2019-04-23,3.56,3.95,3.56,3.91,USD,3.755
2019-04-24,3.9,4.04,3.79,3.9,USD,3.915
2019-04-25,3.89,3.94,3.74,3.81,USD,3.84
2019-04-26,3.82,3.89,3.59,3.64,USD,3.74
2019-04-29,3.83,4.07,3.8,4.07,USD,3.935
2019-04-30,3.96,4.01,3.91,3.96,USD,3.96
2019-05-01,4.06,4.07,3.69,3.83,USD,3.88
2019-05-02,3.8,3.82,3.64,3.72,USD,3.73
2019-05-03,3.73,3.95,3.52,3.59,USD,3.735
2019-05-06,4.04,4.08,3.91,3.99,USD,3.995
2019-05-07,4.21,4.44,4.11,4.35,USD,4.275
2019-05-08,4.54,4.55,3.91,4.18,USD,4.23
2019-05-09,4.46,4.58,4.27,4.31,USD,4.425
2019-05-10,4.25,4.4,3.98,4.03,USD,4.19
2019-05-13,4.32,4.48,4.28,4.37,USD,4.38
2019-05-14,4.12,4.2,4.04,4.15,USD,4.12
2019-05-15,4.26,4.34,3.87,4.11,USD,4.105
2019-05-16,4.04,4.04,3.84,4.0,USD,3.94
2019-05-17,4.14,4.18,3.99,4.1,USD,4.085
2019-05-20,4.24,4.3,4.09,4.18,USD,4.195
2019-05-21,4.12,4.15,3.69,4.08,USD,3.92
2019-05-22,4.09,4.2,4.0,4.08,USD,4.1
2019-05-23,4.19,4.53,4.05,4.41,USD,4.29
2019-05-24,4.4,4.47,4.17,4.22,USD,4.32
2019-05-28,4.38,4.79,4.24,4.77,USD,4.515
2019-05-29,4.84,4.97,4.62,4.69,USD,4.795
2019-05-30,4.58,4.76,4.4,4.66,USD,4.58
2019-05-31,5.11,5.68,4.95,5.61,USD,5.315
2019-06-03,5.64,5.84,5.23,5.72,USD,5.535
2019-06-04,5.5,5.5,4.99,5.21,USD,5.245
2019-06-05,5.12,5.37,5.09,5.28,USD,5.23
2019-06-06,5.15,5.2,5.0,5.08,USD,5.1
2019-06-07,5.08,5.28,4.62,4.64,USD,4.95
2019-06-10,4.53,4.65,4.39,4.42,USD,4.52
2019-06-11,4.35,4.49,3.4,4.49,USD,3.945
2019-06-12,4.71,4.8,4.51,4.69,USD,4.655
2019-06-13,4.81,5.55,4.78,5.28,USD,5.165
2019-06-14,5.64,5.64,4.9,5.41,USD,5.27
2019-06-17,5.25,5.46,5.21,5.36,USD,5.335
2019-06-18,5.74,5.76,5.09,5.22,USD,5.425
2019-06-19,5.28,5.28,4.77,4.85,USD,5.025
2019-06-20,4.82,5.22,4.63,4.84,USD,4.925
2019-06-21,4.81,4.85,4.61,4.85,USD,4.73
2019-06-24,4.83,5.01,4.77,4.96,USD,4.89
2019-06-25,4.93,5.16,4.87,5.05,USD,5.015
2019-06-26,4.84,4.91,4.75,4.75,USD,4.83
2019-06-27,4.66,4.81,4.56,4.78,USD,4.685
2019-06-28,4.87,4.9,4.67,4.7,USD,4.785
2019-07-01,4.53,4.59,4.35,4.38,USD,4.47
2019-07-02,4.36,4.47,4.26,4.39,USD,4.365
2019-07-03,4.44,4.44,4.29,4.33,USD,4.365
2019-07-05,4.35,4.36,3.88,4.15,USD,4.12
2019-07-08,4.36,4.39,4.26,4.27,USD,4.325
2019-07-09,4.36,4.37,4.25,4.27,USD,4.31
2019-07-10,4.46,4.51,4.08,4.25,USD,4.295
2019-07-11,4.17,4.37,3.53,4.36,USD,3.95
2019-07-12,4.34,4.34,4.18,4.2,USD,4.26
2019-07-15,4.29,4.38,4.28,4.34,USD,4.33
2019-07-16,4.33,4.5,4.25,4.32,USD,4.375
2019-07-17,4.34,4.38,4.28,4.38,USD,4.33
2019-07-18,4.32,4.44,4.24,4.41,USD,4.34
2019-07-19,4.51,4.51,4.22,4.28,USD,4.365
2019-07-22,4.41,4.5,4.33,4.37,USD,4.415
2019-07-23,4.34,4.42,3.94,4.41,USD,4.18
2019-07-24,4.39,4.74,4.38,4.47,USD,4.56
2019-07-25,4.48,4.6,4.38,4.58,USD,4.49
2019-07-26,4.55,4.58,4.16,4.24,USD,4.37
2019-07-29,4.45,4.45,4.32,4.35,USD,4.385
2019-07-30,4.37,4.38,4.26,4.28,USD,4.32
2019-07-31,4.32,4.36,3.85,4.22,USD,4.105
2019-08-01,4.07,5.0,3.98,4.95,USD,4.49
2019-08-02,4.85,5.09,4.52,4.84,USD,4.805
2019-08-05,5.7,5.93,5.59,5.76,USD,5.76
2019-08-06,5.45,5.5,5.25,5.41,USD,5.375
2019-08-07,5.73,6.49,5.51,5.6,USD,6.0
2019-08-08,5.57,5.58,4.69,5.47,USD,5.135
2019-08-09,5.36,5.64,5.13,5.18,USD,5.385
2019-08-12,5.62,5.84,5.51,5.76,USD,5.675
2019-08-13,5.7,5.72,5.03,5.38,USD,5.375
2019-08-14,5.93,5.96,5.67,5.87,USD,5.815
2019-08-15,6.03,6.57,4.15,6.4,USD,5.36
2019-08-16,6.15,6.19,5.83,5.94,USD,6.01
2019-08-19,5.93,5.97,5.7,5.72,USD,5.835
2019-08-20,5.7,5.8,5.65,5.75,USD,5.725
2019-08-21,5.52,5.52,5.35,5.38,USD,5.435
2019-08-22,5.47,5.5,5.29,5.35,USD,5.395
2019-08-23,5.3,5.85,4.69,5.59,USD,5.27
2019-08-26,5.77,5.85,5.47,5.51,USD,5.66
2019-08-27,5.54,5.68,4.86,5.54,USD,5.27
2019-08-28,5.66,5.69,5.39,5.43,USD,5.54
2019-08-29,5.29,5.3,4.29,5.23,USD,4.795
2019-08-30,5.11,5.32,3.64,5.29,USD,4.48
2019-09-03,5.5,5.52,4.86,5.36,USD,5.19
2019-09-04,5.28,5.33,5.18,5.21,USD,5.255
2019-09-05,5.15,5.16,4.95,5.1,USD,5.055
2019-09-06,5.19,5.23,4.8,4.8,USD,5.015
2019-09-09,4.97,4.97,4.83,4.88,USD,4.9
2019-09-10,4.85,5.12,4.47,5.11,USD,4.795
2019-09-11,5.18,5.43,3.83,5.14,USD,4.63
2019-09-12,4.94,5.64,4.73,5.14,USD,5.185
2019-09-13,5.14,6.4,5.07,5.88,USD,5.735
2019-09-16,5.88,6.14,5.74,5.97,USD,5.94
2019-09-17,6.0,6.04,5.58,5.83,USD,5.81
2019-09-18,5.71,5.75,5.06,5.66,USD,5.405
2019-09-19,5.42,5.44,5.13,5.33,USD,5.285
2019-09-20,5.14,5.68,4.95,5.61,USD,5.315
2019-09-23,5.53,5.64,5.48,5.55,USD,5.56
2019-09-24,5.39,5.68,5.28,5.64,USD,5.48
2019-09-25,5.55,5.92,5.28,5.5,USD,5.6
2019-09-26,5.35,5.57,5.3,5.43,USD,5.435
2019-09-27,5.35,5.45,5.24,5.34,USD,5.345
2019-09-30,5.39,5.41,5.26,5.29,USD,5.335
2019-10-01,5.46,6.44,5.45,5.66,USD,5.945
2019-10-02,5.67,5.7,5.22,5.57,USD,5.46
2019-10-03,5.54,5.65,3.62,5.33,USD,4.635
2019-10-04,5.47,5.47,4.98,5.18,USD,5.225
2019-10-07,5.38,5.4,5.18,5.23,USD,5.29
2019-10-08,5.39,5.4,5.01,5.33,USD,5.205
2019-10-09,5.28,5.31,5.11,5.18,USD,5.21
2019-10-10,5.25,5.42,4.87,5.21,USD,5.145
2019-10-11,5.42,9.62,3.34,5.35,USD,6.48
2019-10-14,5.45,5.45,5.27,5.28,USD,5.36
2019-10-15,5.33,5.35,5.18,5.31,USD,5.265
2019-10-16,5.25,5.54,4.99,5.19,USD,5.265
2019-10-17,5.32,5.33,4.43,5.23,USD,4.88
2019-10-18,5.36,5.44,5.27,5.32,USD,5.355
2019-10-21,5.47,5.53,5.34,5.38,USD,5.435
2019-10-22,5.27,5.27,5.15,5.21,USD,5.21
2019-10-23,5.17,5.21,5.08,5.08,USD,5.145
2019-10-24,4.98,5.02,4.75,4.78,USD,4.885
2019-10-25,4.7,4.84,4.59,4.61,USD,4.715
2019-10-28,4.73,4.89,4.69,4.88,USD,4.79
2019-10-29,4.79,4.84,4.68,4.7,USD,4.76
2019-10-30,4.62,4.71,4.34,4.35,USD,4.525
2019-10-31,4.33,4.47,4.16,4.4,USD,4.315
2019-11-01,4.34,4.36,3.99,4.08,USD,4.175
2019-11-04,4.19,4.23,4.15,4.2,USD,4.19
2019-11-05,4.26,4.3,4.07,4.3,USD,4.185
2019-11-06,4.25,4.34,4.17,4.27,USD,4.255
2019-11-07,4.38,5.45,4.35,4.94,USD,4.9
2019-11-08,5.12,5.13,4.33,4.69,USD,4.73
2019-11-11,4.8,4.81,4.75,4.76,USD,4.78
2019-11-12,4.77,4.79,4.47,4.62,USD,4.63
2019-11-13,4.59,4.61,4.3,4.46,USD,4.455
2019-11-14,4.39,7.88,4.34,4.5,USD,6.11
2019-11-15,4.56,4.61,4.24,4.28,USD,4.425
2019-11-18,4.38,4.42,4.29,4.34,USD,4.355
2019-11-19,4.28,4.31,3.48,4.28,USD,3.895
2019-11-20,4.4,4.88,4.01,4.48,USD,4.445
2019-11-21,4.35,4.43,3.65,4.31,USD,4.04
2019-11-22,4.24,4.25,4.05,4.11,USD,4.15
2019-11-25,4.23,4.25,4.11,4.12,USD,4.18
2019-11-26,4.17,4.2,4.12,4.18,USD,4.16
2019-11-27,4.16,4.22,4.0,4.05,USD,4.11
2019-11-29,4.12,4.2,4.05,4.18,USD,4.125
2019-12-02,4.42,4.44,4.15,4.35,USD,4.295
2019-12-03,4.59,4.77,4.45,4.59,USD,4.61
2019-12-04,4.47,4.55,4.36,4.47,USD,4.455
2019-12-05,4.49,4.57,4.4,4.51,USD,4.485
2019-12-06,4.53,4.58,4.23,4.54,USD,4.405
2019-12-09,4.67,4.86,4.64,4.75,USD,4.75
2019-12-10,4.82,4.85,4.32,4.63,USD,4.585
2019-12-11,4.57,4.6,4.45,4.45,USD,4.525
2019-12-12,4.43,4.6,4.06,4.53,USD,4.33
2019-12-13,4.29,4.75,3.91,4.11,USD,4.33
2019-12-16,3.97,3.99,3.86,3.97,USD,3.925
2019-12-17,3.91,3.95,3.72,3.89,USD,3.835
2019-12-18,3.92,4.01,3.86,3.87,USD,3.935
2019-12-19,3.96,4.19,3.84,3.93,USD,4.015
2019-12-20,3.86,3.99,3.71,3.91,USD,3.85
2019-12-23,4.02,4.33,3.96,4.15,USD,4.145
2019-12-24,4.27,4.34,4.1,4.12,USD,4.22
2019-12-26,4.19,4.23,4.11,4.16,USD,4.17
2019-12-27,4.1,4.15,3.91,3.93,USD,4.03
2019-12-30,4.12,4.23,4.11,4.22,USD,4.17
2019-12-31,4.23,4.23,4.04,4.13,USD,4.135
2020-01-02,4.18,4.2,4.08,4.09,USD,4.14
2020-01-03,4.35,4.51,4.16,4.3,USD,4.335
2020-01-06,4.49,4.54,4.35,4.36,USD,4.445
2020-01-07,4.43,4.48,3.89,4.31,USD,4.185
2020-01-08,4.48,4.49,3.77,4.24,USD,4.13
2020-01-09,4.2,4.27,4.01,4.03,USD,4.14
2020-01-10,3.9,4.35,3.7,3.72,USD,4.025
2020-01-13,3.81,3.86,3.66,3.67,USD,3.76
2020-01-14,3.74,4.21,3.62,3.73,USD,3.915
2020-01-15,3.69,3.77,3.66,3.74,USD,3.715
2020-01-16,3.76,3.87,3.69,3.74,USD,3.78
2020-01-17,3.59,3.71,3.49,3.5,USD,3.6
2020-01-21,3.72,3.97,3.69,3.95,USD,3.83
2020-01-22,3.83,3.96,3.78,3.95,USD,3.87
2020-01-23,3.99,4.24,3.99,4.12,USD,4.115
2020-01-24,4.0,4.38,3.96,4.28,USD,4.17
2020-01-27,4.75,4.83,4.58,4.82,USD,4.705
2020-01-28,4.64,5.02,4.61,4.63,USD,4.815
2020-01-29,4.69,4.92,3.55,4.81,USD,4.235
2020-01-30,4.88,5.07,4.7,4.72,USD,4.885
2020-01-31,4.67,5.42,4.02,5.35,USD,4.72
2020-02-03,4.96,5.19,4.81,5.07,USD,5.0
2020-02-04,4.78,4.83,4.47,4.59,USD,4.65
2020-02-05,4.41,4.63,4.28,4.35,USD,4.455
2020-02-06,4.37,4.4,3.87,4.06,USD,4.135
2020-02-07,4.13,4.77,4.05,4.49,USD,4.41
2020-02-10,4.56,4.75,4.55,4.64,USD,4.65
2020-02-11,4.42,4.62,4.34,4.43,USD,4.48
2020-02-12,4.29,4.57,4.24,4.25,USD,4.405
2020-02-13,4.38,4.7,3.74,4.31,USD,4.22
2020-02-14,4.21,4.37,4.18,4.27,USD,4.275
2020-02-18,4.7,4.73,4.54,4.54,USD,4.635
2020-02-19,4.5,4.56,4.35,4.5,USD,4.455
2020-02-20,4.56,5.1,4.49,4.6,USD,4.795
2020-02-21,4.79,5.08,4.73,4.94,USD,4.905
2020-02-24,5.55,5.84,5.49,5.69,USD,5.665
2020-02-25,5.47,6.45,5.36,5.55,USD,5.905
2020-02-26,5.35,5.81,5.18,5.75,USD,5.495
2020-02-27,5.92,6.32,5.64,6.31,USD,5.98
2020-02-28,6.75,8.04,5.58,7.58,USD,6.81
2020-03-02,8.3,8.3,6.48,6.56,USD,7.39
2020-03-03,6.52,7.24,6.02,6.76,USD,6.63
2020-03-04,6.28,6.53,5.8,5.85,USD,6.165
2020-03-05,6.14,6.84,5.95,6.55,USD,6.395
2020-03-06,8.58,10.85,8.35,9.8,USD,9.6
2020-03-09,14.73,15.13,11.82,14.19,USD,13.475
2020-03-10,11.7,14.3,10.45,10.45,USD,12.375
2020-03-11,10.71,11.55,9.52,10.95,USD,10.535
2020-03-12,16.29,18.51,10.83,13.6,USD,14.67
2020-03-13,11.21,12.21,7.38,9.55,USD,9.795
2020-03-16,10.8,11.03,9.69,10.45,USD,10.36
2020-03-17,9.78,9.88,8.68,9.58,USD,9.28
2020-03-18,10.15,19.94,6.87,15.39,USD,13.405
2020-03-19,14.62,27.35,7.29,16.39,USD,17.32
2020-03-20,14.17,17.24,11.22,13.28,USD,14.23
2020-03-23,13.88,14.98,12.87,13.16,USD,13.925
2020-03-24,12.42,12.56,9.26,9.5,USD,10.91
2020-03-25,8.3,8.34,7.76,8.15,USD,8.05
2020-03-26,8.72,9.7,8.32,9.55,USD,9.01
2020-03-27,10.05,10.36,7.95,8.27,USD,9.155
2020-03-30,8.87,9.72,8.82,9.53,USD,9.27
2020-03-31,9.15,9.5,8.27,8.35,USD,8.885
2020-04-01,8.5,8.74,7.13,7.73,USD,7.935
2020-04-02,7.51,11.0,6.6,6.6,USD,8.8
2020-04-03,6.55,6.55,5.82,6.06,USD,6.185
2020-04-06,5.78,6.23,5.7,6.23,USD,5.965
2020-04-07,5.93,7.06,5.89,7.01,USD,6.475
2020-04-08,6.96,7.15,6.54,6.74,USD,6.845
2020-04-09,6.61,6.81,6.38,6.59,USD,6.595
2020-04-13,6.8,6.82,6.54,6.82,USD,6.68
2020-04-14,6.52,6.81,6.09,6.1,USD,6.45
2020-04-15,6.18,6.82,6.09,6.7,USD,6.455
2020-04-16,6.7,6.72,6.32,6.42,USD,6.52
2020-04-17,6.66,7.3,6.52,7.08,USD,6.91
2020-04-20,6.93,7.14,6.47,7.06,USD,6.805
2020-04-21,7.44,7.54,7.13,7.18,USD,7.335
2020-04-22,6.92,6.94,6.57,6.68,USD,6.755
2020-04-23,6.54,6.55,6.06,6.37,USD,6.305
2020-04-24,6.16,6.17,5.78,5.79,USD,5.975
2020-04-27,5.73,5.73,5.42,5.49,USD,5.575
2020-04-28,5.38,5.53,5.28,5.46,USD,5.405
2020-04-29,5.24,5.4,5.14,5.24,USD,5.27
2020-04-30,5.12,5.18,4.81,4.94,USD,4.995
2020-05-01,5.12,5.13,4.6,4.74,USD,4.865
2020-05-04,4.87,4.88,4.55,4.69,USD,4.715
2020-05-05,4.74,4.82,4.65,4.72,USD,4.735
2020-05-06,4.86,5.03,4.71,4.91,USD,4.87
2020-05-07,4.74,5.28,4.67,5.16,USD,4.975
2020-05-08,5.27,5.3,4.94,5.15,USD,5.12
2020-05-11,5.29,5.34,5.11,5.27,USD,5.225
2020-05-12,5.22,5.36,5.05,5.35,USD,5.205
2020-05-13,5.17,5.37,4.9,5.0,USD,5.135
2020-05-14,5.07,5.25,4.91,4.98,USD,5.08
2020-05-15,4.94,5.15,4.6,4.71,USD,4.875
